term_clean,description
FEOL(flexible enhance ordinary life),전통적인 정액보험료형 상품에 유니버셜보험의 신축성을 가한 보험
집기비품,"일반적으로 직업상의 필요에서 사용 도는 소지되는 것으로 점포나 사무실, 작업장에 소재하는 것을 말함."
GIC,부담금을 납입할 때 단위보험별로 일정이율을 일정기간 보증함. 만기시에 원금과 이자를 지불하는 원리금보장형 상품
ABS,눈길같은 미끄러운 도로에서 제동할때 바퀴가 잠기는 현상을 막아 차체가 돌아가지 않고 가던 방향대로 유지해 주는 기능을 하는 장치
1급장해,보험대상자(피보험자)가 질병 또는 재해로 인하여 신체상의 장해가 영구히 남아 신체의 기능을 완전히 상실하거나 또는 현저히 감소한 후 유장해 상태로써 고도의 장해라고도 한다.
1회의 사고,"하나의 원인 또는 사실상 같은 종류의 위험에 계속적, 반복적 또는 누적적으로 노출되어 그 결과로 발생한 사고로써 피보험자나 피해자의 수 또는 손해배상청구의 수에 관계없이 1회의 사고로 봅니다."
3종승합자동차,법정승차정원 11인 이상 16인 이하의 승합자동차
가계보험,가정
가계약,보험증권이 발행될 때까지의 무보험 상태를 메꾸기 위한 계약을 말한다.
가망고객,"유망고객이라고도 하며, 보험가입 가능성이 높은 고객을 뜻한다.
유망고객이라고도 하며 보험가입 가능성이 높은 고객을 뜻한다."
가입경력선정인,"자동차보험의 운전가능한 피보험자 중 가족(가족한정Ⅱ는 형제,자매 포함) 또는 지정운전자로서 기명피보험자가 지정한 1인으로 해당 보험계약의 유효한 기간만큼 자동차보험 가입경력으로 인정받는 자"
가입자특성요율,기명피보험자의 보험가입경력 및 교통법규위반경력에 따라 적용되는 요율
가재도구,"일반적으로 일상의 가정생활용구로서 소유하고 있는 가구, 의류, 장신구, 침구류, 식료품, 연료 기타 가정생활에 필요한 일체의 물품을 포괄함."
가족상해보험,"상해보험의 보통 보험약관에 특약으로 보험가입되는 것이 상례로, 본인과 생계를 함께 하는 친족이 포함된다. 또한 보험대상자(피보험자)를 부부로 한정할수도 있다.
상해보험의 보통보 험약관에 특약으로 보험가입되는 것이 상례로, 본인과 생계를 함께 하는 친족이 포함된다. 또한 피보험자를 부부로 한정할수도 있다.
상해보험의 보통보험약관에 특약으로 보험가입되는 것이 상례로, 본인과 생계를 함께 하는 친족이 포함된다. 또한 피보험자를 부부로 한정할 수도 있다."
가족운전자,"① 기명피보험자의 부모와 양부모, 계부모 ② 기명피보험자의 배우자의 부모 또는 양부모, 계부모 ③ 법률상 배우자 또는 사실혼관계에 있는 배우자 ④ 법률상의 혼인관계에서 출생한 자녀, 사실혼관계에서 출생한 자녀, 양자 또는 양녀, 계자녀 ⑤ 기명피보험자의 며느리 또는 사위(계자녀의 배우자 포함)"
가족운전자 한정 운전특약,"피보험자동차(被保險自動車)를 운전하는 사람의 범위를 기명피보험자(記名被保險) 와 그 부모, 배우자 및 자녀로 한정하여 위험을 축소함으로써 보험료를 할인하는 방식이다. 이 특약(特約)을 맺으면, 한정된 운전자 이외의 사람이 운전하다가 사고를 일으켰을 경우에 보험금은 지급되지 않는 대신 보험료가 저렴해진다."
가지급금보험금,"자동차 사고 피해자에 대한 의료비 등과 같이 급히 소요되는 비용을 충당하기 위하여, 보상책임이 있을 경우 보험금이 확정되기 전이라도 지급할 보험금의 범위내에서 손해배상액의 일부를 손해배상 청구권자에게 미리 지급해주는 보험금"
가지급보험금,"자동차 사고의 피해자에 대한 의료비 등과 같이 급히 소요되는 비용을 충당하기 위해서, 손해배상책임이 확정되기 전이라도 손해배상액의 일부를 손해배상 청구권자에게 미리 지급해 주는 보험금을 말한다."
가해자가 확정된 사고,"피보험자동차에 정착되어 있는 타이어나 튜브를 훼손하거나 파손한 사고로, 경찰관서를 통하여 가해자(기명피보험자 및 기명피보험자의 부모, 배우자, 자녀는 제외)의 신원이 확인된 사고"
가해자불명 자기차량손해사고,주차가 허용된 장소에 주차중 발생한 관리상 과실이 없는 자기차량손해사고
간이생명표,"인구조사는 수년의 간격을 두고 행해지며 그 결과의 정리에도 시간이 걸리므로 완전생명표로서의 국민사망표는 최신의 사망 변화를 표시할 수 없다. 그러므로 매년 실시되는 인구 동태 통계의 사망수를 분자로 하고 최근의 조사에서 얻어지는 확정인구를 분모로 하여 얻어지는 생명표를 근사치로 작성한 것을 간이생명표라 한다.
국세조사는 수년의 간격을 두고 행해지며 그 결과의 정리에도 시간이 걸리므로 완전생명표로서의 국민사망표는 최신의 사망변화를 표시할 수 없다. 그러므로 매년 실시되는 인구동태 통계의 사망수를 분자로 하고 최근의 국세조사에서 얻어지는 확정인구를 분모로 하여 얻어지는 생명표를 근사치로 작성한 것을 간이생명표라 한다."
개인대부 신용보험,금융기관(보험계약자)과 자연인간의 비사업성 자금에 대하여 대부계약에 의뢰한 채무를 채무자(자연인)가 이행하지 않는 경우에 채권자(금융기관)가 입은 손해를 보상하는 보험.
개인보험,보험계약의 대상이 하나의 보험계약자인 경우의 보험
개인용 자동차 종합보험,"개인소유 자가용 승용차(법정승차정원10인 이하)를 대상으로 하는 자동차보험으로서, 가정용·출퇴근용 및 개인사업용 승용차가 여기에 해당된다. 이 보험에서 보상하는 손해는 피보험자동차의 운행으로 인한 대인배상·대물배상·자손사고·차량손해의 네 가지이며 보험계약자가 각각 선택적으로 부보할 수 있다. 이 보험의 피보험자는 기명·친족·허락사용자가 피보험자가 되며, 가족운전 한정(限定)계약을 첨부하는 경우는 한정된 가족만 부보가 된다."
개인용자동차보험,→자동차 등록원부상의 소유자가 개인(자연인 및 개인사업자)인 자가용승용차를 대상으로 하는 자동차보험.
개호관련특정특병,"뇌출혈, 크로이츠펠트-야콥병, 파킨스병, 알쯔하이머병, 근위축성측삭경화증(루게릭병), 전신형 중증근무력증"
개호보험,→수발보험
갱신,종전 보험계약의 만기때 원칙적으로 본래의 보험계약과 동일한 내용·조건(보험기간은 제외)을 가지고 새로운 보험계약을 체결하는 것을 말한다. 이 경우에는 새로운 보험증권이 발행된다.
거절체계약,표준체계약에 비해 보험사고의 발생위험 정도가 너무 높거나 위험정도가 측정 불가능해 보험계약이 성립할 수 없는 계약을 말한다.
건강보험,"건강의 손상에 따른 경제적 손실을 보상하는 보험이라고 할 수 있다. 건강관련위험에는 상해,질병 등이 있으며, 이는 발생시기뿐만 아니라 발생여부도 불확정적이다."
경험생명표,보험가입자를 대상으로 작성된 생명표
계부모,계부(어머니가 재혼함으로써 생긴 아버지)와 계모(아버지가 재혼함으로써 생긴 어머니)
계속보험료,제1회 보험료 납입후 만기시까지 계속적으로 납입하는 보험료를 말한다.
계약수수료,보험설계사가 보험계약을 모집했을때 지급받는 보수를 말한다.
계약응당일,"제2차년도 이후 매년의 계약일과 동일한 월,일을 말한다. 계약응당일은 보험료 납입기일, 계약의 효력 상실 및 부활, 계약전 알릴의무, 보험자의 면책조항 등 보험계약에 부수하는 기일, 기간을 결정하는데 중요하다.
제2차년도 이후 매년의 계약일과 동일한 월, 일을 말하지만 경우에 따라서는 매월의 계약일과 동일한 날을 말하는 경우도 있다. 계약해당일은 보험료납입기일, 계악의 효력상실 및 부활, 계약전 알릴 의무, 보험자 면책조항 기타 계약만기일 등 보험계약에 부수하는 기일, 기간을 결정하는데 있어 대단히 중요하다. 특히 제2회 이후 보험료 납입기일과의 관계는 밀접하여 계약에 정하여진 방법에 의해 매1년, 매6개월 후, 매3개월 후, 매월의 계약해당일이 납입기일이 된다."
계약자대출,"보험기간 중 계약자가 일시에 목돈이 필요한 경우에 목돈마련의 수단으로 계약을 해약하여 해약환급금을 이용할 수도 있지만 계약을 해약하게 되면 보장이 소멸해 버릴 뿐만 아니라 납입한 보험료보다 그 액수가 작아지기 때문에 계약자에게 불리하다. 이러한 경우 계약을 그대로 유지하면서 계약자의 자금조달을 가능하게 하기 위해서는 계약자 대출을 이용하면 되는데 계약자 대출은 그 계약의 해약환급금 중 일정비율 내에서 언제든지 가능하며, 대출기간 중에는 계약자대출에 따른 이자를 납입하면 된다."
계약전 알릴 의무,"계약전 알려야 할 사항이라고도 한다. 계약 전에 계약자가 보험사에 알려야 할 중요한 사실 또는 사항을 말한다. 무엇이 중요한 사실 또는 사항인가는 보험의 종류에 따라 한결같지 않으나, 보험자가 그 사정을 알았다면 계약을 체결하지 않았거나, 적어도 동일한 조건으로는 계약을 체결하지 않았을 것으로 객관적으로 인정되는 사정(예: 피보험자의 현재의 건강상태, 과거의 병력(病歷), 현재의 직업 등)을 의미한다."
계약해당일,"제2차년도 이후 매년의 계약일과 동일한 월, 일을 말하지만 경우에 따라서는 매월의 계약일과 동일한 날을 말하는 경우도 있다. 계약해당일은 보험료납입기일, 계약의 효력상실 및 부활, 계약전 알릴 의무, 보험자 면책조항, 기타 계약만기일 등 보험계약에 부수하는 기일, 기간을 결정하는데 있어 대단히 중요하다. 특히 제2회이후 보험료 납입기일과의 관계는 밀접하여 계약에 정하여진 납입방법에 의해 매1년, 매6개월후, 매3개월후, 매월의 계약해당일이 납입기일이 된다. 계약응당일이라고도 한다. 계약후 알릴 의무 통지 의무"
계자녀,배우자의 자녀로서 자기(自己)의 친자식(양자)이 아닌 자녀
고속도로통행료 단말기,고속도로 통행료 등의 지급을 이해 고속도로 요금소와 통행료 등에 관한 정보를 주고받는 송수신장치(하이패스 단말기)
고의,일정한 결과가 발생하리라는 것을 알면서도 의도적으로 이를 행하는 심리상태 [참고] 미필적고의 : 결과 발생 자체는 불확실하나 만일의 경우 결과가 발생할지도 모른다고 인정하면서도 그러한 결과의 발생을 부득이하다고 용인하는 심리상태
고지사항,"계약전 알려야 할 사항이라고도 한다. 계약 전에 계약자가 보험사에 알려야 할 중요한 사실 또는 사항을 말한다. 무엇이 중요한 사실 또는 사항인가는 보험의 종류에 따라 한결같지 않으나, 보험자가 그 사정을 알았다면 계약을 체결하지 않았거나, 적어도 동일한 조건으로는 계약을 체결하지 않았을 것으로 객관적으로 인정되는 사정(예: 피보험자의 현재의 건강상태, 과거의 병력(病歷), 현재의 직업 등)을 의미한다."
고지의무,"계약전 알릴 의무라고도 한다. 현행 약관에서는 X계약 전 알릴 의무〉라고 쉽게 표현하고 있다. 보험제도의 적정한 운영을 위하여 보험자는 각 계약에 대해서 그 위험률을 측정하여 위험을 인수할 것인가 아닌가, 그리고 그 보험료를 얼마로 할 것인가를 결정한다. 그러므로 보험계약자 또는 피보험자는 계약체결시에 보험자에 대해서 중요한 사실을 알리고 또 중요한 사항에 관하여 부실하게 알려서는 안 될 의무를 진다. 이것을 X고지의무〉라고 하는데, 보험계약자가 이를 위반했을 때에는 보험자는 일정한 요건 아래 계약을 해지할 수 있게 되어 있다.
계약전 알릴 의무라고도 한다. 현행 약관에서는 계약 전 알릴 의무라고 쉽게 표현하고 있다. 보험제도의 적정한 운영을 위하여 보험자는 각 계약에 대해서 그 위험률을 측정하여 위험을 인수할 것인가 아닌가, 그리고 그 보험료를 얼마로 할 것인가를 결정한다. 그러므로 보험계약자 또는 피보험자는 계약체결시에 보험자에 대해서 중요한 사실을 알리고 또 중요한 사항에 관하여 부실하게 알려서는 안된다."
공소,검사가 법원에 특정 형사 사건의 재판을 청구함
공영보험,국가에서 공공정책상의 목적을 달성하기 위하여 마련되어 있는 보험을 말한다.
공인인증 전자서명,고객이 서명양식을 홈페이지에서 확인하고 공인인증서를 이용하여 서명을 할 수 있는 시스템
공탁,법령의 규정에 따라 금전이나 유가 증권 따위를 공탁소에 맡겨 놓는 일
공탁확인서,법원에서 공탁사실 확인을 위하여 발급하는 서류
광폭타이어,공기압이 40∼80kpa(0.4∼0.8kgf/㎠) 정도인 폭이 넓고 부드러운 타이어로 접지압이 낮아 연약지 포장에 적합
교통법규위반경력요율,"피보험자의 과거 교통법규위반(신호위반, 중앙선침범 등)실적을 기준으로 보험료를 차등하는 제도"
교통사고 사실확인원,경찰서에서 교통사고 발생 사실 확인을 위하여 발급하는 서류
교통사고 처리특례법,"교통사고로 인한 피해의 신속한 회복을 촉진하고 국민생활의 편익을 증진할 목적으로, 차의 운전자가 『형법』 제268조의 죄를 범한 경우 운전자에 관한 형사처벌 등의 특례를 정한 법"
교환가액,수리비용이 피해물의 사고 직전의 가액을 초과하는 경우와 원상회복이 불가능한 경우 사고 직전 피해물의 가액상당액 또는 사고 직전의 피해물과 동종의 대용품의 가액과 이를 교환하는데 실제로 소요된 필요타당한 비용
그린카드 시스템,구주에서는 국경을 넘어서 자동차를 운행할 때 타국의 강제보험을 그때마다 부보하지 않더라도 보험계약자에게 타국의 법정배상책임액 까지는 보증하는 제도가 실시되고 있다. 이 제도를 그린카드 시스템이라고 한다.
글래스아이오노머,주로 치경부 마모증에 사용되는 것으로 산 부식처리가 필요없는 화학접착물
금융기관대리점,"인적, 자본적 또는 업무 운영상 특정금융기관(은행 등)과 밀접한 관계에 있는 대리점을 말한다."
급격하고 우연한 외래의 사고,"상해보험에 있어서 보험금의 지급대상이 되는 상해는 급격하고 우연한 외래의 사고에 의한 것이어야 한다. 여기에서 급격이란, 원인이 된 <사고>로부터 결과인 <상해>까지에 시간적 간격이 급격한 것을 말하고, 우연이란 예측되지 않은 것을 말하며, 사고의 발생, 결과의 발생이 양쪽 또는 어느 한쪽이 우연하여야 할 필요가 있다. 외래란 상해가 피보험자의 신체의 외부로부터 작용하는 것을 말한다."
급여인상율,"호봉, 직급 등의 상승에 의한 급여인상율인 승급률 이외에 물가상승 등을 반영하는 급여인상율."
기간보험,보험의 목적울을 일정기간에 대하여 가입하는 보험계약인 경우에는 그 보험증권을 기간보험증권이라 칭함.
기계보험,"공장, 작업장, 사무실 등에서 가동하고 있는 기계, 기계설비・장치가 손상을 입는 사고에는 기계의 설계・재질(材質)・제작 등에 잠재적인 결함이 있었거나, 운전자의 잘못된 조작이나 과실 그밖에 외부로부터의 원인에 의한 것이 있다. 이 보험은 이러한 예측하지 못했던 돌발적인 사고로 인한 손상을 원상의 가동 가능한 상태로 고치는데 필요한 비용을 지급하는 보험이다. 보험금액은 같은 종류, 같은 능력의 기계의 재조달가액(再調達價額)을 기준으로 책정한다."
기납입보험료,보험계약자가 보험계약 체결 이후 현재시점까지 납입한 보험료의 합계를 말한다.
기명피보험자,"자동차보험에 있어서 피보험자의 범위는 보험의 효용을 높이기 위하여 일정한 한도로 확대되어 있다. 기명피보험자(記名被保險者)란 그러한 피보험자 중 핵심이 되는 사람으로 보험증권의 피보험자란에 기재된 사람을 말한다. 기명피보험자는 피보험자동차의 소유자나 할부에 의한 매수인과 같이, 타인에 대해서 피보험자동차의 사용을 승락하는 권한을 가지고 있는 사람(피보험자동차를 사실상 마음대로 지배하고 사용하고 있는 사람)이 아니면 안 된다.
자동차보험에 있어서 피보험자의 범위는 보험의 효용을 높이기 위하여 일정한 한도로 확대되어 있다. 기명피보험자란 그러한 피보험자 중 핵심이 되는 사람으로 보험증권의 피보험자란에 기재된 사람을 말한다. 기명피보험자는 피보험자동차의 소유자나 할부에 의한 매수인과 같이, 타인에 대해서 피보험자동차의 사용을 승락하는 권한을 가지고 있는 사람(피보험자동차를 사실상 마음대로 지배하고 사용하고 있는 증권상의 피보험자)"
기본보험료,"보험계약 체결시 적용보험료 산정의 기본이 되는 보험료 차량의 종유, 배기량, 용도, 보험가이금액, 성별, 연령등에 따라 미리 정해놓은 기본적인 보험료"
기산일,가입날수를 계산할 때 첫날로 잡는 날
기왕력자,현재까지 질병이나 외상 등으로 인한 의료행위를 받은 경험이 있는 사람
기왕증,당해 자동차사고가 있기 전에 이미 가지고 있던 증상
기준병실,병원에서 국민건강보험 환자의 입원시 적용하는 기준이 되는 병실
기준병실병실차액,"의료법령에 따라 허가를 받거나 신고한 병상 중 기본입원료만 산정하는 일반병상을 기준병실이라 하며, 1개의 입원실에 6인이상이 입원하는 병실을 말함. 1개의 입원실에 5인 이하가 입원할 수 있는 병상을 상급병상이라 하며, 이에 따라 기본입원료 외에 추가로 부담하는 입원실 이용비용을 병실차액 혹은 상급병실 이용료라 칭함."
기타 보장성보험,만기시 기납입보험료를 돌려주는 보험
나눔특약,"친서민 자동차보험으로 기초생활보장수급자, 생계형 중고소형차 차주 등 가입대상일 경우 보험료 할인"
낙성계약성,보험계약은 보험자와 보험계약자 사이에 합의가 이루어지면 효력이 생기고 보험계약의 성립요건으로 보험증권(보험가입증서)등의 작성을 요구하고 있지 않으므로 보험계약은 불요식의 낙성계약이다.
납입유예기간,보험료가 납입되지 않은 채 그 계약의 효력이 존속하는 기간을 납입유예기간이라 한다. 따라서 일정기간이 지나서 보험료를 납입하면 그 계약은 유효하다. 그 기간은 보험료 납입일이 속한 해당월과 그 이 후 1달간이다.
내용년수,"취득한 차량이 보통의 상태와 조건하에서 폐물로서 처분, 파기될 때까지 유용하게 사용할 수 있는 추산기간 또는 추정연한"
내용증명,어떤 내용의 것을 언제 누가 누구에게 발송하였는가 하는 사실을 발송인이 작성한 등본에 의하여 우체국장이 공적인 입장에서 증명하는 제도
노령화사회,"노령화사회란 노령인구의 절대수가 증가되고 반대로 비노령인구가 증가되지 않거나 감소되는 것을 말하며, 그 결과 전인구대비 노령인구가 점유하는 비율이 높아져 가는 사회를 말한다. 유엔은 65세이상 인구가 총 인구의 7%이상이면 노령화사회라고 분류하고 있는데, 2000년 인구주택총조사에 의하면 우리나라의 노령인구비율은 7.3%이다. 따라서 UN 기준에 따르면 우리나라는 이미 노령화사회에 진입해 있다고 할 수 있다."
노령화지수,"노령화지수란 총인구 중 65세 이상의 인구가 점하는 비율을 말하는데, 노령화지수가 7%를 넘으면 노령화사회라고 하고, 14%를 넘으면 노령사회에 진입하였다고 말한다. 최근 선진국의 경우 인구의 노령화가 사회문제가 되고 있는데 우리나라도 근래에 출생률의 감소와 사망률의 저하로 인한 인구의 노령화가 급격히 진전되고 있다. 특히 선진국의 경우 비교적 장기간에 걸쳐 현재의 인구구성에 달한 것과 대조적으로 우리나라의 경우에는 인구의 노령화가 급격히 진전되고 있어 문제의 심각성이 더한 상태이다.
노령화지수란 0～14세 인구에 대한 65세이상 인구비율을 나타낸 것으로서 즉, 그 나라의 유년인구에 대비한 노령인구를 지수로 표시한 것을 말한다."
노무기여율,"사업소득을 얻음에 있어 본인의 노무 기여도를 측정한 비율을 말하며, 자동차보험 약관 지급기준 상 85/100를 한도로 타당한 율을 적용"
농업보험,"국영보험의 영역에 속하는 것으로서 국가가 농업정책상 실시하는 보험이다. 일반적으 로 풍수해, 천재등과 같은 자연재해에 의하여 농작물의 수확이 평균작에 미달하거나 전답이 유실되어 농가에서 입는 불의의 재난을 보호하는 것이 이보험의 취지이다."
뇌내출혈,"뇌실질조직 안쪽에 있는 가느다란 혈관들이 터지면서 뇌속으로 피가 고여 뇌가 손상되는 것을 말한다. 뇌내출혈은 뇌출혈의 가능 흔한 형태이기 때문에 그냥 뇌출혈 이라고 부른다. 혈압이 높은 사람들의 경우, 혈관기형이 있는 경우 출혈이 잘 일어날 수 있다."
다른사람,운행자와 운전자(운전보조자)를 제외한 모든 자
다인승승용차,법정승차정원 7인 이상 10인 이하의 승용차
단기납,보험료 납입기간이 보장기간보다 짧은 형태의 납입형태 (예:20년납 100세만기)
단기요율,"보험기간이 1년 미만의 단기계약에 적용되는 요율. 요율은 1년간을 하나의 단위로 해서 산출되지만, 이를테면 계절에 따라 위험도를 달리하는 물건은 가장 위험도가 높은 기간동안만 부보(付保)하려는 경향이 생기기 쉽다는 이유도 있어서, 단순비율에 의한 요율보다 높다."
단기운전자 확대배서,단기간 운전자/연령한정의 범위를 제한하지 않고 운전가능하게 확대하는 배서
단리,이자를 계산할 때 원금에 대해서만 일정한 시기에 약정한 이율을 적용하여 계산하는 금리 계산방법.
OBD단말기,자동차에 장착되어 자동차 운행 관련 다양한 정보를 알려주는 기기
당뇨병,"췌장에서의 인슐린생산의 부족, 또는 인슐린의 효율이 떨어져서 나타나는 당질대사의 장애이다. 공복시 혈당 140mg/dl 이상 또는 식후2시간 혈당 200mg/dl 이상인 경우, 당뇨병을 진단할 수 있다. 다음(多飮 polydipsia), 다뇨(多尿 polyuria), 다식(多食 ployphagia)의 증상이 특징적으로 나타나므로 3다(三多)의 질병이란 별명을 가지고 있다."
대물배상,"보험증권기재의 자동차(피보험자동차)의 소유・사용・관리에 기인해서 타인의 재물을 멸실・파손 또는 오손한 경우에, 피보험자가 부담, 지급해야 하는 법률상의 손해보상 책임."
대부금형식지급,"보험사고로 인한 손해에 대하여 피보험자가 제3자에 손해배상청구권을 가질 때 그 배상청구를 유리하게 하기 위하여, 또는 배상청구절차를 간소화하기 위하여, 보험자는 자기가 지급할 보험금에 상당하는 금액을 피보험자에게 대부하는 형식을 취하고, 그 지급보험금을 한도로 하여 그 배상청구가 대위에 의하여 보험자에게 이전하는 것을 고의로 피하는 일이 있다. 이와 같은 형식에 의한 실질적인 보험금의 지급을 대부금 형식지급이라고 한다."
대수의 법칙,"수학적 개념으로서 어떤 사상(事象)이 발생하는 확률은 그 시행횟수가 많을수록 이론적 확률치에 접근한다는 이론이다. 주사위를 굴려서 1점이 나오는 확률은 굴리는 회수를 늘리면 늘릴수록 6분의 1에 가까워진다. 즉, 어느 독립적으로 일어나는 사상(事象)에 있어서, 그것을 대량으로 관찰하면 어느 사상이 발생하는 확률이 일정치(一定値:이론적 수치)에 가까워진다는 것인데, 이것을 대수의 법칙이라고 한다. 보험분야에 있어서는 개개인의 우발적인 사고를 대량으로 관찰함으로써 얻은 확률로서, 그 발생률을 전체적으로 예측할 수 있게 된다. 보험료 산정의 기초수치의 하나인 보험사고의 발생률은 대수의 법칙에 입각한 통계적 확률인 것이다. 또한 대수의 법칙을 이용하여 인간의 사망율을 예측한 것을 기초로 생명표가 만들어진다.
주사위를 굴려서 1점이 나오는 확률은 굴리는 회수를 늘리면 늘릴수록 6분의 1에 가까워진다. 즉, 어느 독립적으로 일어나는 사상(事象)에 있어서, 그것을 대량으로 관찰하면 어느 사상이 발생하는 확률이 일정치(一定値:이론적 수치)에 가까워진다는 것인데, 이것을 대수의 법칙이라고 한다. 보험분야에 있어서는 개개인의 우발적인 사고를 대량으로 관찰함으로써 얻은 확률로서, 그 발생률을 전체적으로 예측할 수 있게 된다. 보험료 산정의 기초수치의 하나인 보험사고의 발생률은 대수의 법칙에 입각한 통계적 확률인 것이다."
대인배상책임,"배상책임보험에 있어서 보험대상자(피보험자)가 끼친 제3자의 신체에 대한 배상책임을 말하며, 영문약어로서는 B.J.로 표시된다. 대인배상은 1인당 책임한도와 매사고시의 책임한도를 동시에 책정하는 것이 일반적이다.
배상책임보험에 있어서 피보험자가 끼친 제3자의 신체에 대한 배상책임을 말하며, 영문약어로서는 B.J.로 표시된다. 대인배상은 1인당 책임한도와 매사고시의 책임한도를 동시에 책정하는 것이 일반적이다."
대포차,차량소유자와 기명피보험자가 불일치한 차량으로 차량의 보유여부 주체가 불문명한 차량
도덕적 위험,"실제 또는 현실적으로 관찰할 수 없지만 손실가능성을 유발 또는 증가시키는 개인의 주관적, 심리적, 정신적 특성을 말하는 것으로 피보험자(보험대상자), 보험계약자, 보험수익자(보험금을 받는자) 등이 고의적 또는 우발적으로 손실을 일으키거나 손실의 정도를 증가시키는 성향을 말한다."
동일증권,개인이 소유한 2대 이상의 차량을 보험기간의 종기를 일치시켜 하나의 증권으로 가입하는 것
로봇보험,"산업용 로봇을 대상으로 하는 보험으로서 로봇(기록 매체, 정보를 포함)이 예측하지 못한 돌발적인 사고로 인하여 입은 손해와 주변물건, 설비에 입힌 손해를 보상하는 보험이다. 기계보험의 범주에 속한다."
루프캐리어,부피가 커서 트렁크나 내부에 실을 수 없는 짐을 싣기 위해 차량의 지붕 위에 별도로 설치하는 장치
"리드, 리더, 리딩 언더라이터","보험금액이 큰 손해보험 계약에 있어서 복수의 보험자가 동일계약을 인수하는 경우가 많은데, 그 경우 요율・조건을 우선 처음 결정하는 역할을 맡는 것을 리드라고 하고, 그 역할을 맡은 보험자를 리더 또는 리딩 언더라이터라고 한다. 그 요율・조건에 따라서 인수하는 남은 보험자를 팔로워(Follower)라고 부른다."
리스,"리스사가 고객이 원하는 차량을 대신 구입하여 고객에게 일정기간 사용권을 부여하고, 리스료를 지불하는 임대차 계약"
리스자동차,여신전문금융업법에서 규정하는 시설대여업자와 대여시설 이용자간에 시설대여계약 체결에 따라 대여받아 사용 또는 관리중인 자동차
리어스포일러,차량 뒤쪽에서 일어나는 공기의 와류현상을 없애기 위해 자동차의 지붕 끝이나 트렁크 위에 장착하는 장식 겸용 장치
Eco Point 리워드 특약,"사고차량(대물,자차) 수리시 리싸이클 부품을 사용할 경우 Eco Point룰 적립·리워드 해주는 친환경 특약"
Eco마일리지특약,"연간 주행거리가 적은 자동차보험 계약의 보험료를 할인해주는 상품. 주행거리 확인방법은 계기판 사진 전송, OBD장치 장착 등을 통한 확인이 가능"
만기,"정해진 보험기간이 다 경과하여 끝난 때를 말한다
정해진 보험기간이 다 경과하여 끝난 때를 말한다."
만기보험금,"생존보험, 생사혼합보험의 경우, 보험계약 만기시에 피보험자(보험대상자)가 생존한 경우 지급하는 보험금을 말한다.
만기보험금은 피보험자가 만기까지 생존해 있다는 사실(보험사고)의 발생을 조건으로 한 생존보험금이라고 할 수 있다."
만기연령,"보험계약이 만료되는 시기에 있어서의 피보험자 연령을 만기연령이라 한다. 만기연령은 계약연령에 보험기간을 더하여 계산되며, 보험종류별 특성에 따라 상이하다.
보험계약이 만료되는 시기의 피보험자 연령을 만기연령이라 한다. 만기연령은 계약연령에 보험기간을 더하여 계산하며 통상 무진단보험의 만기연령은 만70세로 한다. 다만, 보험종류별 특성에 따라 정할 수도 있다."
만기예고,만기가 도래하는 전전월에 차량 보유자에게 자동차보험 만기일이 도래하는 것을 알리는 예고
만기표 소유권,"만기표라는 것은 보험계약의 만기일을 기재한 것으로 게약을 생신할 때 사용하는, 일종의 고객리스트라고도 할 수 있다. 만기표 소유권이라는 것은, 일차적으로는 이와같은 만기표라고 하는 물리적인 물건 자체의 소유권을 가리키지만 바꿔서 일반적으로는 보험기간만료에 즈음해서, 계속해서 그 계약을 체결할 수 있다는 기대권(일종의 재산권)을 말한다. 미국에서는 인정되고 있지만 우리나라는 이미 확립된 권리로서는 인정되고 있지 않다."
만기환급금,장기의 적립형보험에 있어서 보험기간이 만료될 때까지 일정규모 이상의 사고가 없는 경우 납입보험료중 일정률의 금액을 보험계약자에게 환급하는 제도이다. 환급금은 납입한 보험료에 포함된 적립보험료를 운용한 예정이자와 원리금의 합계액에 상당한다.
면책사유,"보험자는 보험계약에 의거해서, 보험사고가 발생하였을 경우에 보험금 지급의 의무를 지고 있지만 특정의 사유가 생겼을 때에는 예외로 그 의무를 면하게 되어 있다. 이것을 면책사유라고 하는데, 법률에 의해서 정해져 있는 것과 보험약관에 의해서 정해져 있는 것이 있다."
면책약관,"보험계약에서는 보험자가 책임이 면제되는 위험이나 사유에 관해서 약관에서 정하고 있다.이 조항을 면책약관이라고 한다.
보험계약에서는 보험자가 면책되는 위험이나 사유에 관해서 약관에서 정하고 있는데, 이 조항을 면책약관이라고 한다. 보통보험약관 안에 포함되어 있는 것과 특별약관으로 삽입되는 것이 있다."
면책위험,"법률상 또는 약관상, 보험자가 보험금지급의 의무를 지지 않는다고 정한 위험. 특약을 가지고도 보험자의 부담으로 하기가 불가능한 것과 특약을 가지고 할증보험료를 납입하면 보험자의 부담으로 할 수가 있는 것이 있다.
법률상 또는 약관상, 보험자가 보험금지급의 의무를 지지않ㄴ느다고 정한 위험. 특약을 가지고도 보험자의 부담으로 하기가 불가능한 것과 특약을 가지고 할증보험료를 납입하면 보험자의 부담으로 할 수가 있는 것이 있다. → 절대적 면책위험, 상대적 면책위험
법률상 또는 약관상, 보험자가 보험금지급의 의무를 지지않는다고 정한 위험. 특약을 가지고도 보험자의 부담으로 하기가 불가능한 것과 특약을 가지고 할증보험료를 납입하면 보험자의 부담으로 할 수가 있는 것이 있다."
명시적 승인,내용이나 뜻을 분명하게 나타내어 해당 행위에 대해 승인하는 것
모계약,원계약에서 자계약이 분리되고 난 이후 원계약의 계약자에게 잔존하는 계약을 말합니다.
모집보조자,"보험자를 위해 모집사무를 보조하는 자로는 보험대리점, 보험의, 보험모집인, 보험중개인 등이 있다."
무보험차 상해보험,"자동차보험의 하나로서, 자동차에 타고 있는 사람이 대인배상책임보험 등을 충분히 부보하고 있지 않는 등 배상자력(배상자력)이 충분치 않은 다른 차와 충돌하여 사망 또는 후유장애(後遺障碍)를 입었을 경우에, 당사자 또는 부모, 배우자, 자녀가 입은 손해에 대해서 배상의 무자가 존재하는 것을 조건으로 보험금을 지급하는 보험. 보험금액은 대인배상보험금과 동일액으로 설정 되는데, 상대 자동차의 자배책보험(自賠責保險) 및 대인배상보험(對人賠償保險) 등에서 지급되는 액수를 초과하는 부분에 대해서만 보험금이 지급된다.
자동차보험의 하나로서, 자동차에 타고 있는 사람이 대인배상책임보험 등을 충분히 부보하고 있지 않는 등 배상자력(배상자력)이 충분치 않은 다른 차와 충돌하여 사망 또는 후유장애(後遺障碍)를 입었을 경우에, 당사자 또는 부모, 배우자, 자녀가 입은 손해에 대해서 배상의 무자가 존재하는 것을 조건으로 보험금을 지급하는 보험"
무사고환급,"무사고로 보험기간이 만료되었을 때 보험료의 일부를 보험계약자에게 환급하기로 보험약관에서 약정하였을 때, 그 환급보험료를 무사고환급이라고 한다."
묵시적 승인,직접적인 말 또는 행동이 아니라 간접적으로 해당 행위에 대해 승인하는 것
물적사고 할증기준금액,대물 및 자차사고시 갱신보험료 할증 또는 할인유예를 결정하는 기준이 되는 금액. 물적사고 할증기준금액을 낮게 설정하면 보험료는 저렴해짐
물체,"구체적인 형체를 지니고 있어 충돌이나 접촉에 의해 자동차 외부에 직접적인 손상을 줄 수 있는 것을 말하며, 엔진내부나 연료탱크 등에 이물질을 삽입하는 경우 물체로 보지 않습니다."
미적립채무,기발생채무 중 자산으로 미적립된 부분
미지급이자,"환급금 지급사유(해지,만기,중도,실효 등)가 발생한 날로부터 환급금 청구일까지의 기간에 대한 부리이자 (최대 2년)"
미필적 고의,일정한 결과 발생 가능성을 인식하면서도 감히 행하는 행위
방문적부,방문을 통하여 피보험자의 직업 및 고지사항을 확인하는 절차
배상의무자,① 자동차상해. 가족상해에서의 배상의무란 피보험자를 죽게하거나 다치게 함으로써 피보험자에게 입힌 손해에 대하여 법률상 손해배상책임을 지는 사람을 말한다. ② 무보험자동차에 의한 상해에서의 배상의무자란 무보험자동차의 사고로 인하여 피보험자를 죽게 하거나 다치게 함으로써 피보험자에게 입힌손해에 대하여 법률상 손해배상책임을 지는 사람을 말한다
배상책임,보험증권상의 보장지역 내에서 보험기간 중에 발생된 보험사고로 인하여 타인에게 입힌손해에 대한 법률상의 책임을 말합니다.
배상책임보험,"배상책임보험은 일상생활이나 사업활동중의 과실로 타인의 신체나 재물에 손해를 끼쳐 법률상의 손해배상책임을 부담하는 피보험자의 손해를 보상하는 보험이다. 따라서 배상책임보험은 법률상의 손해배상금, 소송비용, 변호사, 보수, 중재 또는 화해비용, 응급비용, 호송 또는 기타 긴급조치에 소요된 비용 등을 보상한다. 이 보험은 가해자측의 손해배상에 따르는 경제적 파탄을 구제하고 손해배상책임의 확실한 이행을 촉진시켜 간접적으로 피해자를 구제하는 기능을 가지고 있다."
범위요율,"표준이 되는 보험요율을 중심으로, 예컨대 100분의 10이내의 인상과 인하를 인정하는 제도를 말한다. 범위요율은 위험의 변동·실태에 상응한 요율을 적용할 수 있는 여지를 마련함으로써, 협정요율 내지 고정요율의 경직화를 막으려는 취지에서 도입되었다.
표준이 되는 보험요율을 중심으로, 예컨데 100분의 10이내의 인상과 인하를 인정하는 제도를 말한다. 범위요율은 위험의 변동˙실태에 상응한 요율을 적용할 수 있는 여지를 마련함으로써, 협정요율 내지 고정요율의 경직화를 막으려는 취지에서 도입되었다."
법률상의 배상책임,"법률규정에 따른 배상책임을 말하며, 계약에 의하여 법률규정보다 가중된 배상책임(계약상의 가중책임)은 제외함"
변액유니버설보험,"유니버설보험과 변액보험을 복합한 상품이 변액 <유니버설〉보험인데, 1984년에 미국에서 판매되었다. <유니버설〉보험이 지니는 보험료나 보험금액의 자율성을 계승하는 한편, 자산운용은 변액보험과 마찬가지로 분리계정으로 하기 때문에 투자리스크는 계약자가 부담하게 된다. <유니버설〉보험의 특징인 고이율지향(高利率指向)을 더욱 강하게 추구하는 상품이다. 유니버설보험
유니버설보험과 변액보험을 복합한 상품이 변액유니버설보험인데, 1984년에 미국에서 판매되었다. 유니버설보험이 지니는 보험료나 보험금액의 자율성을 계승하는 한편, 자산운용은 변액보험과 마찬가지로 분리계정으로 하기 때문에 투자리스크는 계약자가 부담하게 된다. 유니버설보험의 특징인 고이율지향(高利律指向)을 더욱 강하게 추구하는 상품이다."
병력,"병력이라 함은 피보험자가 과거에 질병에 걸렸던 사실들, 즉, 질병경력을 말한다. 병력은 피보험자에게 앞으로 어떠한 유형의 보험사고가 발생할 수 있는가를 사전 예측하는데 중요한 단서가 되는 것이므로, 피보험자의 직업, 체격, 현재의 질병상황 등과 함께 피보험자의 실제적 위험정도를 측정하는 중요한 요소가 된다. 일반적으로 질병은 치료정도 및 재발여부 등에 따라 체감성질병, 체증성질병으로 구분할 수 있으나 발생 연령, 경과년수에 따라 증상이 많이 차이가 날 뿐만 아니라 치료의 강도에 따라서도 차이가 생기므로 획일적인 적용은 불가능하다."
보상한도액,"배상책임보험에서의 보험자의 손해보상의 최고 한도액이며, 물보험(物保險)에서의 보험금액에 해당한다. 배상책임보험에서는 다른 보험과 달리 보험가액을 산정할 수 없기 때문에 예상되는 사고의 내용이나 손해배상금 등을 감안해서 타당한 금액을 보상한도액으로 정하여 보험자의 보험금지급책임의 한도로 하고 있는데, 보상한도액내에서 실손보상을 하게 되어 있다."
보장보험료,손해를 보장하기 위해 필요한 보험료를 말합니다.
보장성보험,만기환급금이 이미 납입한 보험료를 초과하지 아니하는 보험.
보철치료,"가철성의치(Denture), 고정성가공의치(Bridge), 임플란트(Implant)를 말하며, 크라운 치료는 제외함"
보통상해보험,- 상해보험
보험가액,"손해보험의 재산보험에서 피보험이익의 경제적 가치이며, 보험사고가 발생하였을 경우에 피보험자가 입게 되는 손해액의 최고 견적액을 말한다. 따라서 보험자가 보상하게 되는 보험금의 최고 한도가 된다."
보험가입 부적격자,"정상피보험체인 표준체에 비하여 보험사고의 발생위험 정도가 너무 높거나 위험 정도의 평가가 불가능하여 보험계약이 성립될 수 없는 가입부적격자(피보험자)를 말하며, 사절체라고도 한다."
보험가입경력요율,과거 자동차보험 가입기간에 따라 보험료를 차등하는 제도
보험계리인,"보험사업은 보험수리의 기초 위에서 운영되고 있으므로 그 사업의 건전성을 유지하기 위하여 보험수리에 관한 이론이나 경험이 갖추어진 사람이 필요한 만큼, 보험업법에서는 보험수리에 관한 업무는 보험 계리인이 담당하도록 규정하고 있다. 보험계리인의 의무는 책임분비금 그 밖의 보험계약준비금, 보험료 와 보험약관에 의한 대부금의 정당성 여부의 확인 또는 업무로 되어 있다."
보험계약,"보험계약이란 당사자의 한쪽(보험자)이 일정한 우연한 사고(보험사고)가 발생하였을 때, 계약상 정해진 재산적 급부(보험금의 지급)를 할 것을 약속하고, 여기에 대하여 상대쪽(보험계약자)이 보수(보험료)를 지급할 것을 약속함으로써, 상법에 의하여 그 효력을 가지게 되는 계약이라고 할 수가 있다. 그리고 보험계약의 성격에 관해서는 ① 유상(有償) ② 쌍무(雙務) ③ 낙성(諾成) ④ 불요식(不要式) ⑤ 사행(射倖) ⑥ 선의(善意) ⑦ 부합(附合) 등의 계약성을 들 수 있다.
보험계약이란 형식적인 법률개념으로서 파악하는 한 당사자의 한쪽(보험자)이 일정의 우연한 사고(보험사고)가 발생하였을 때, 계약상 정해진 재산적 급부(보험금의 지급)를 할 것을 약속하고, 여기에 대하여 상대쪽(보험계약자)이 보수(보험료)를 지급할 것을 약속함으로써, 상법에 의하여 그 효력을 가지게 되는 계약이라고 할 수가 있다."
보험계약 대출,보험계약에 대한 해약환급금의 일정비율 내에서 보험계약자가 언제든지 자유롭게 대출을 받을 수 있는 것을 말한다.
보험계약의 당사자,보험자와 보험계약자를 말한다.
보험계약의 무효,"보험계약이 어떠한 이유로 인해 계약 성립때부터 당사자가 의도한 효과가 발생하지 않는 것을 말한다. 무효 원인으로써는 법률행위 전반에 공통되는 것과, 보험계약에 특유한 것이 있는데 특유의 것으로는 피보험 이익의 부존재(不存在), 초과보험의 초과부분, 계약 당시 피보험자가 사고가 이미 생겼다는 것을 알고 있었을 때 등을 들 수 있다.
보험계약이 그 효력을 발생시키기 위한 요건의 일부 또는 전부에 어떠한 하자가 있어, 당사자간에 의도한 보험계약상의 효과가 발생되지 않는 것을 말한다. 보험계약의 경우 ① 타인의 사망을 보험금 지급사유로 하는 계약에서 피보험자의 서면에 의한 동의를 얻지 아니한 경우와 ②15세 미만자, 심신상실자 또는 심신박약자의 사망을 보험사고로 한 보험계약은 무효가 된다."
보험계약의 체결,"보험계약은 불요식(不要式)의 낙성(諾成)계약으로, 계약의 체결을 희망하는 사람과 보험자 사이에서 계약의 각 요소에 대한 합의가 이루어지면 성립된다."
보험계약자,"보험사업자의 상대방으로서 자기의 명의로 보험계약을 체결하고 보험료를 납입할 의무를 지는 사람을 말한다. 보험계약자는 자연인이든 법인이든, 능력자이든 무능력자이든 상관없으며, 여러사람이 공동으로 보험계약자가 되어도 관계없다."
보험계약증,"보험계약이 성립되고 나서, 보험계약의 성립을 증명하기 위하여 계약내용을 기재하고 보험자가 서명해서 보험계약자에게 교부하는 일정양식의 증서이다."
보험관계,보험자와 보험가입자 사이에 존재하는 법률관계이다. 보험관계의 핵심적인 내용은 보험자측이 보험금의 조건적 급부를 보증하고 가입자측의 보험료지급 기타의 의무를 지는 것이다. 이외의 보험관계의 내용은 보통보험약관에 의해 상세히 규정된다.
보험금,보험계약이 만료되거나 피보험자(보험대상자)가 보험사고를 당했을 경우 보험자가 보험수익자(보험금을 받는자)에게 지급하는 금액을 말한다.
보험금 삭감법,표준미달체 보험의 계약조건 중 하나로서 표준미달체의 초과위험이 체감성인 경우에 적용되는 방법이다. 계약후 일정년수 이내의 사망에 대하여는 미리 정해진 비율로 보험금을 삭감하여 지급하게 된다.
보험금명세서,일정기간내에 일어난 손해에 대한 명세를 재보험자에게 재보험배분과 같은 비율에 의하여 회수액을 통지하는 보고서를 말한다.
보험금지급기준,"약관상 지급보험금 산출을 위한 객관적, 세부적인 산출기준"
보험급부,"보험계약에 의거해서 지급되는 보험금, 급부금 또는 현물급부를 말한다."
보험기간,"계약에 따라 보장을 받는 기간을 말합니다.
보험자의 보험계약상의 책임이 개시되어 종료될 때까지의 기간, 곧 보험자의 책임의 존속기간을 가리키며, 위험기간 또는 책임기간이라고도 한다. 보험기간의 개시시기 즉 시기는 약관 또는 특약에 의하여 여러 가지로 정할 수 있으며, 이러한 정함이 없으면 그 시기는 보험계약의 성립과 동시이지만 보험자의 책임은 최초의 보험료를 지급한 때로부터 개시하는 것을 원칙으로 한다.
보험자의 책임 존속기간. 이 기간내에 보험사고가 발생하였을 경우에만 보험자는 보험금지 급의무를 지는 것이 원칙이다. 그러나 보험기간이 개시되더라도 보험료가 납입되어 있지 않은 때는 보험자의 책임은 개시되지 않는다고 약관상 정하는 일이 많다."
보험년도,당해연도 보험계약 해당일로부터 차년도 보험계약 해당일 전일까지 매1년 단위의 연도를 말합니다. 예를 들어 보험계약일이 2016년 8월 15일인 경우 보험년도는 8월 15일부터 차년도 8월 14일까지 1년.
보험대상자,보험계약에 있어서 보험사고의 대상이 되는 사람을 말한다. 예를 들면 A씨가 가입한 보험이 B씨가 사망할 경우 보험금을 C에게 지급하는 보험계약이라고 하면 A씨나 C씨가 사망한 경우에는 보험금은 지급이 되지 않고 보험대상자(피보험자)인 B씨가 사망한 경우에만 보험금이 지급된다. 사망이 보험금의 지급사유라고 하더라도 해당 보험계약에서는 보험대상자(피보험자)인 B씨의 사망만을 보장하므로 A씨나 C씨가 사망한 경우에는 보험금을 지급하지 않는 것이다. 참고로 위의 계약에서 A씨는 보험계약자 C씨는 보험금을 받는자(수익자)라고 한다.
보험대위,"손해보험에서 보험자가 피보험자(보험대상자)에게 보험금을 지급하였을 때, 일정한 요건하에 피보험자(보험대상자)가 소유하는 어떤 권리가 보험자에게 이전되는 것을 말한다. 보험에 의해서 이득을 거두어서는 안 된다는 원칙에 의거한 제도인데, 보험계약법에도 규정되어 있다.~FF~"
보험료,"계약자가 매 납입기일에 납입하기로 한 금액을 말한다.
보험료는 보험자가 보험사고에 대하여 부담하는 책임에 대한 보수이다. 보험료는 보험금액을 기준으로 하여 위험률에 따라 결정된다. 이것은 보험계약기간을 단위로 하여 위험을 측정하고 그에 따라 보험료가 결정되므로 그 기간의 위험과 보험료와는 불가분으로 연결된다. 따라서 기간 중에 계약이 해지되면 경과기간에 대한 보험료는 반환청구할 수 없고 미경과분에 관하여서는 별도 약정이 없는 한 청구를 할 수 있다"
보험료 기간,"보험료를 산출할 때에 위험률 측정의 표준이 되는 일정기간, 즉 보험료 산정의 기초가 되는 단위기간을 말하며, 통상 1년을 기준으로 한다.
보험료를 산출할 때에 위험률 측정의 표준이 되는 일정기간, 즉 보험료 산정의 기초가 되는 단위기간을 말한다. 보험료기간은 이것을 단위로 해서 보험료를 산출하게 되는, 그 지닌 바 성질상 이 기간 내의 보험료는 나눌 수 없다는 보험료 불가분의 원칙이 있어서 기간의 중도에서 보험자가 그 이후의 위험을 부담하지 않을 경우(예컨데, 보험의 목적이 전손되었을 경우) 보험자는 보험료기간의 전체의 보험료는 환급되지 않는 것을 원칙으로 하고 있으며 수납되지 않은 분할보험료에 대하여 청구의 권리를 갖는다.
보험료를 산출할 때에 위험률 측정의 표준이 되는 일정기간, 즉 보험료 산정의 기초가 되는 단위기간을 말한다. 보험료기간은 이것을 단위로 해서 보험료를 산출하게 되는, 그 지닌 바 성질상 이 기간 내의 보험료는 나눌 수 없다는 보험료 불가분의 원칙이 있어서 기간의 중도에서 보험자가 그 이후의 위험을 부담하지 않을 경우(예컨데, 보험의 목적이 전손되었을 경우) 보험자는 보험료기간의 전체의 보험료는 환급되지 않는다"
보험료 납입기간,"보험계약자가 보험료를 납입할 의무가 있는 기간으로, 보험계약의 조건으로 정해져 있다. 이 기간을 보험기간과 동일한 기간으로 정할 경우에는 X전기납입(全期納入)〉(이를테면, 20년 납입 20년 만기)이 되고, 보험기간보다 짧게 정하는 경우에는 X단기납입(短期納入)〉(이를테면, 20년납입 30년만기)이 된다. 이렇듯 납입기간은 보험기간과 동일하거나 또는 짧은데, 이 기간중 피보험자 또는(어린이 보험 등의 경우) 계약자가 생존해 있는 한 보험료를 납입해야 한다.
보험계약자가 보험료를 납입할 의무가 있는 기간으로, 보험계약의 조건으로 정해져 있다. 이 기간을 보험기간과 동일한 기간으로 정할 경우에는 전기납입(全期納入) 이렇듯 납입기간은 보험기간과 동일하거나 또는 짧은데, 이 기간중 피보험자(보험대상자) 또는 (어린이보험 등의 경우) 계약자가 생존해 있는 한 보험료를 납입해야 한다.
보험계약자가 보험료를 납입할 의무가 있는 기간으로, 보험계약의 조건으로 정해져 있다. 이 기간을 보험기간과 동일한 기간으로 정할 경우에는 전기납입(全期納入)(이를테면, 20년 납입 20년 만기)이 되고, 보험기간 보다 짧게 정하는 경우에는 단기 납입(短期納入)(이를테면, 20년납입 30년만기)이 된다.
보험계약자가 보험료를 납입할 의무가 있는 기간으로, 보험계약의 조건으로 정해져 있다. 이 기간을 보험기간과 동일한 기간으로 정할 경우에는 전기납입(全期納入)(이를테면, 20년 납입 20년 만기)이 되고, 보험기간보다 짧게 정하는 경우에는 단기납입(短期納入)(이를테면, 20년납입 30년만기)이 된다."
보험료 납입면제,"보험계약자의 보험료납입의무를 보험약관의 정함에 따라 면제하고 계약을 유효하게 존속시키는 것을 말한다. 즉, 보험료 납입기간 중 보험료납입면제 사유가 발생하였을 때에는 장래에 한하여 납입할 보험료의 납입을 면제하는 것이다."
보험료 납입방법,설명 없음
보험료 및 책임준비금 산출방법,보험업법에서 정한 기초서류의 하나로서 보험사업의 허가를 받고자 하는 자는 이 서류도 첨부하여 재정경제원장관에게 제출하게 되어 있다. 또한 이 서류를 변경하고자 할 때에도 재정경제원장관의 인가를 받아야 한다.
보험료 및 책임준비금 산출방법서,보험업법에서 정한 기초서류의 하나로서 보험사업의 허가를 받고자 하는 자는 이 서류를 첨부하여 금융감독위원회에 제출하게 되어 있다.
보험료 불가분의 원칙,"보험료는 일정기간(보험료기간)을 단위로 해서 평균적인 위험률을 바탕으로 산정되고 있어서, 그 단위기간내에서 위험을 분할하여 분할기간에 상응하는 보험료를 산출하기는 곤란한 것이다. 따라서 단위기간의 중도에 계약이 소멸되어도, 보험자는 그 단위기간 전부에 대한 보험료 전액을 청구할 권리를 갖게 되는데, 이것을 보험료불가분의 원칙이라고 한다."
보험료 자동납입 특별약관,보험료에 대해 자동으로 은행계좌에서 이체하기로 약정하는 특약
보험료 자동대출납입제도,"보험계약자가 개인사정으로 보험료를 납입하지 않아 연체되었을 경우 계약해지에 따른 불이익을 당하지 않도록 납입최고기간이 경과되기 전까지 보험가입자가 보험료의 자동대출을 신청하면 보험계약대출을 통하여 보험계약대출이 가능한 금액의 범위 내에서 보험료가 자동 대출, 납입되어 보험계약을 계속 유지할 수 있도록 만든 제도를 말한다."
보험료 할증법,"표준미달체 보험에 있어서 가장 많이 쓰이는 계약조건이다. 표준미달체의 초과위험이 체증성 또는 항상성인 경우에 주로 적용되는 방법으로, 위험정도에 따라 주계약의 보험료 이외에 특별보험료를 할증하여 부가하는 방법이다. 이중 계약후 일정기간에만 특별보험료를 부가하여 갹출하는 방법도 적용된다."
보험료결손,"보험상품 판매후 이자율 하락등 상황의 변화로 기존 준비금보다 추가적으로 적립액이 필요한 경우 그 부족액을 말하며, 구체적으로 보험료 적립금의 기말잔액이 미래 보험금 부채의 현재가치에서 미래에 유입될 순보험료의 현재가치를 차감한 금액보다 적은 경우 그 차액을 말한다."
보험료납입면제,"피보험자(보험대상자)가 입원, 상해사고, 장해시 등 보험사고가 발생한 경우 보험료의 납입을 면제해주는 것을 말한다. 그러나, 보험계약은 유효하다."
보험료불가분의 원칙,"보험자가 보험료의 산정을 위해서 책정한 단위기간, 즉 보험료기간(보통1년)에 대응하는 보험료는 이를 더 이상 세분화할 수 없다는 원칙. 보험자가 보험료기간 중의 일부분이라도 위험부담을 한 경우에는 보험료기간의 중도에 보험계약이 장래에 대하여 해지되거나 실효 등으로 종료한 때에도 보험자는 그 보험료기간에 대응하는 보험료 전부에 대한 권리를 갖게 되는 것이다."
보험료율,"기준 보험금액에 대한 보험료를 보험료율이라고 하며 이것은 보험종류, 성별 및 연령별로 다르다. 보험료율은 기준보험금에 대한 계약자의 비용 부담을 표시하며 실제의 보험료는 보험료표에 의하여 계약보험금액, 보험종류, 성별, 연령별로 산출한다."
보험모집인,"보험모집인은 소속된 보험사업자를 위하여 보험계약의 체결을 중개하는자로서 보험가입의 권유, 보험료의 수금, 기존계약의 보전 등 영업활동을 직접 담당하는 보험업법의 규정에 의하여 등록된 자를 말한다."
보험목적의 양도,"어느 물건에 대해서 보험계약이 체결된 후, 그 물건을 매매 등으로 남에게 양도하는 일. 상법에서는 피보험자가 보험의 목적을 남에게 양도하였을 때에는 동시에 보험계약에 의해서 생긴 권리도 양도한 것으로 추정하고 있다. 이 경우, 양수인은 피보험자로서의 권리뿐만 아니라 각종의 의무도 아울러 부담하게 된다. 실제에 있어서 이러한 경우에는 보험증권에 보험자의 승낙배서(承諾背書)를 받도록 약관에서 정하는 것이 통례이다."
보험사고,"보험사고라 함은 보험계약에 따른 보험금 지급을 발생시키는 사고를 말한다. 따라서 보험금 지급 대상이 아닌 사고는 보험사고라 할 수 없다. 특정한 유형의 사고를 보험사고로 하기 위해서는 두가지의 조건이 충족되어야 하는데 첫째는 사고발생의 개연성이 존재해야 하며, 둘째는 사고에 따른 손해액을 상당한 수준에서 예측할 수 있어야 한다. 보험사고가 발생하는 경우 그 계약은 더 이상 효력을 가지지 않는 것이 원칙이나, 질병보험이나 상해보험 등에서와 같이 보험사고로 인한 보험금 지급액이 일정수준에 도달할 때까지는 계속 계약이 유지되는 경우도 있다."
보험사업,"어떤 경영주체가 스스로 보험자가 되어서, 다수의 사람들과 보험계약을 체결하여, 보험료의 대가로 위험부담이라는 서비스를 제공하는 일을 업으로 하는 경우에 보험사업이 존재하게 된다. 보험사업은 개개의 사업경영주체를 놓고 말할 때의 개념이며, 여기에 대해서 보험산업은 그것들의 전체를 놓고 말할 때의 개념이라고 할 수 있다."
보험산업,보험서비스의 공급주체의 모임을 전체로서 파악한 용어. 보험산업은 3차산업내지 서비스산업에 속한다.
보험서비스,"보험사업에 있어서는 본래 보험자체를 상품으로서 인식하는 견해가 있어던 것은 아니었는데 마케팅의 개념이 도입되면서 잠재수요를 어떻게 해서 현재화(顯在化)시키며 고객의 요망에 어떻게 부응할 것인가 하는 점에 대한 고찰이 활발해졌고, 거기에서 보험의 모집은 위험부담 내지 위험보장이라는 서비스의 판매라고 인식하게 되었다."
보험설계,"각각의 소비자의 필요에 적합한 내용의 보험상품을 설계하는 일.
각각의 소비자의 필요에 적합한 내용의 보험상품을 설계하는 일"
보험수익자,"보험수익자란 인보험계약에 특유한 개념으로서 보험사고 발생시에 보험금지급청구권을 갖는 자를 말하며 인보험계약에서 보험계약자와 보험수익자가 동일하면 '자기를 위한 인보험계약'이 되고, 이 양자가 다른 경우에는 '타인을 위한 인보험계약'이 된다."
보험약관,보험계약에서 한쪽의 계약당사자인 보험자가 미리 정해놓은 보험계약의 내용에 관한 조항을 말한다. 보험약관에는 같은 종류의 보험계약 전부에 공통된 계약내용을 정해놓은 보통보험 약관과 개개의 계약에서 그 내용을 보충˙변경˙배제하는 특별약관이 있다.
보험업법,"보험사업자에 관한 정부의 감독법규이다. 보험사업에 대하여 그 공공성을 감안하여 특별한 규제를 하기위한 일종의 상사특별법규로서 민영보험사업자에 대한 행정적 감독규제와 보험사업을 영위하는자의 조직 및 업무활동, 보험의 모집 기타 보험과 관계된 제반 규정이 복합된 공법 및 사법의 병합 법규이다"
보험연도,보험기간이 1년이 넘는 장기의 보험계약에 있어서 보험기간의 시기로부터 기산(起算)한 1년마다를 보험연도라고 한다. 경우에 따라서는 계약연도라고도 한다.
보험연령,"보험료 산정연령을 말하며, 이를 개개의 가입자에게 적용하는 경우에는 가입연령, 계약시 연령 등으로 부른다. 보험연령은 실제연령이 가장 가까운 정수(整數) 연령(최근 만연령)이 쓰여진다. 즉, 만연령에서 6개월 이하는 절사, 6개월 이상은 절상을 한다. 다만 1개월은 언제나 30일로 계산한다."
보험요율,개개의 보험상품에 부과하는 상품의 단가를 말한다.
보험의 모집,"보험의 권유 내지는 판매를 뜻한다. 보험사업의 건전성과 보험계약자의 이익을 지키기 위해서 보험업법 제3장(보험의 모집)에 의해서 보험모집행동은 감독을 받고 있다. 보험업법상(業法上) 모집을 할 수 있는 자는 ①보험사업자의 임·직원 ②보험모집인 ③보험대리점 또는 보험중개인 ④보험대리점 또는 중개인의 임원 및 사용인으로 신고된 자로 한정되어 있다.
보험의 권유 내지는 판매를 뜻한다. 보험사업의 건전성과 보험계약자의 이익을 지키기 위해서 보험업법 제3장(보험의 모집)에 의해서 보험모집 행동은 감독을 받고 있다. 이 업법상(業法上) 모집을 할 수 있는 자는 ①보험사업자의 임・직원 ②보험모집인 ③보험대리점 또는 보험중개인 ④ ③의 임원 및 사용인으로서 신고필자로 되어있으나 ③의 보험중개인(브로커)제도는 시행되지 않고 있다.
보험의 권유 내지는 판매를 뜻한다. 보험사업의 건전성과 보험계약자의 이익을 지키기 위해서 보험업법 제3장(보험의 모집)에 의해서 보험모집 행동은 감독을 받고 있다. 이 업법상(業法上) 모집을 할 수 있는 자는 ①보험사업자의 임직원 ②보험모집인 ③보험대리점 또는 보험중개인 ④ ③의 임원 및 사용인으로서 신고필자로 되어있으나 ③의 보험중개인(브로커)제도는 시행되지 않고 있다."
보험의 목적의 양도,"어느 물건에 대해서 보험계약이 체결된 후, 그 물건을 매매 등으로 남에게 양도하는 일. 상법에서는 피보험자가 보험의 목적을 남 에게 양도하였을 때에는 동시에 보험계약에 의해서 생긴 권리도 양도한 것으로 추정하고 있다. 이 경우, 양수인은 피보험자로서의 권리 뿐만 아니라 각종의 의무도 아울러 부담하게 된다. 실제에 있어서 이러한 경우에는 보험증권에 보험자의 승낙배서 (承諾背書)를 받도록 약관에서 정하는 것이 통례이다"
보험자,"보험계약의 한쪽의 당사자로, 보험사고가 발생하였을 경우에, 보험금을 지급하는 의무를 지닌 쪽을 말한다.
보험계약의 한쪽의 당사자로, 보험사고가 발생하였을 경우에, 보험금을 지급하는 의무를 지닌 쪽을 말한다"
보험적소득이전,"보험제도의 운영에서 한쪽에서는 많은 사람들에 의한 보험료의 거출이 있고, 다른 쪽에서는 여기에 대응하는 형식으로 그것을 재원으로 하여 그 가운데의 위험에 부딪친 사람들에 대한 보험금의 급부라는 처리가 있는 것을 볼수 있는데, 거기에 대해서 자금의 흐름을 거시적으로 객관시하면, 보험제도운영책임자(보험경영주체 또는 보험사업자)를 중개로하여 가입자상호간에 소득의 이전이 이루어지고 있다고 생각할 수가 있다. 이것을 보험적 소득이전이라고 한다."
보험조건,보험약관 보험중개인(保險仲介人) insurance broker 보험의 전문가로서 보험계약자를 위해서 가장 적당한 보험자를 찾아내어 보험계약자의 대리인으로 계약을 체결˙매개하는 일을 직업으로 하는 사람. 보험자의 대리인으로 계약의 체결을 처리하는 대리점과는 다르다. 보험중개인제도는 주로 영미에서 발달한 제도인데 보험업법상으로는 우리나라에서는 규정되어 있으나 아직 이 제도가 시행되지 않고 있다.
보험중개사,독립적으로 보험계약의 체결을 중개하는 자로서 금융위원회에 등록된 자
보험증권,"보험계약의 성립과 그 내용을 증명하기 위하여 보험자가 기명날인하여 보험계약자에게 교부하는 증서를 말한다. 보험계약자의 권리 이전이나 행사에 관해서는 반드시 보험증권의 제출을 필수요건으로 하지 않으므로 보험증권은 유가증권이나 민법상의 계약서와는 다르다. 이는 단순히 계약의 성립과 내용에 관한 증거가 되는 효력을 갖는 증거증권이며, 보험자를 위해서는 보험금의 지급에 대하여 면책증권으로도 된다."
보험차익,고정자산의 손실 및 손괴에 의하여 지급받은 보험금이 그 고정자산의 파해 직전의 장부가격을 초과하는 경우 그 초과금액을 보험차익이라고 한다.
보호예탁금제도,"보험사업자가 그 영업개시전에 보험계약자의 보호를 위해 금융감독원에 예탁해야 하는 금액을 말한다. 금융감독원에 예탁하여야 할 보호예탁금은 납입자본금 또는 기금의 100분의 30이상 100분의 50이하의 범위안에서 금융감독위원회가 정하는 비율에 해당하는 금액으로 하며, 이를 현금 또는 금융감독원장이 정하는 유가증권으로 예탁하여야 한다. 다만, 외국보험사업자의 국내지점은 예탁하여야 할 금액의 100분의 50의 범위안에서 본국통화 또는 금융감독원장이 정하는 본국통화표시 유가증권으로 예탁할 수 있다. 금융감독원은 보험사업자가 책임준비금 등을 충실히 적립하고 이익금이 발생하게 된 때, 보험사업자의 해산, 사업폐지 및 기타 보험계약자의 보호를 위하여 반환이 필요하다고 인정하는 때에는 당해 보험사업자의 청구에 의해 보호예탁금을 반환한다."
복구기간,보험금 지급대상이 되는 기간으로 보험목적이 손해를 입은 때로부터 지체없이 이를 복구할 때까지 필요한 기간을 말합니다. 또한 법령의 규제 등 부득이한 사유로 인하여 보험목적을 복구하지 않을 경우에는 추정복구기간을 복구기간으로 인정합니다. 그러나 어떠한 경우에도 복구 기간은 추정복구기간이나 약정복구기간을 초과할 수 없습니다.
복리,투자원금과 그 이자에 대한 이자까지 고려하여 계산하는 계산방법
복합레진,구강 충전 혹은 수복 재료로 사용되는 치과용 플라스틱 레진(수지)
부가보험료,"보험료를 구성하는 일부 금액으로 보험사업을 운영하는데 있어 필요한 비용을 부가보험료라 하며, 신계약비, 유지비, 집금비(수금비)로 구성되어 있다."
부과식보험,"보험의 기술적 기초가 확립되기 전(18세기 이전)에는 미리 합리적인 보험료를 확정하지 못하였다. 미리 정액의 보험료를 납입하는 대신에 일정기간 경과 후, 그 기간내에 발생한 보험사고에 따라 가입자들로부터 필요한 금액을 보험료로 징수하는 방법을 취하고 있었는데, 이런 방법으로 운영되는 보험을 부과식보험이라고 한다.
보험의 기술적 기초가 확립되기 전(18세기 이전)에는 미리 합리적인 보험료를 확정하지 못하였다. 미리 정액의 보험료를 납입하는 대신에 일정기간 경과 후, 그 기간내에 발생한 보험사고에 따라 필요한 금액을 보험료로 가맹원으로부터 징수하는 방법을 취하고 있었는데, 이런방법으로 보험을 시행하는 보험을 부과식보험이라고 한다."
부담금,"계약자 또는 가입자가 납입하는 금액으로 확정급여형은 표준부담금, 보충부담금, 특별부담금으로 구성되고, 확정기여형은 기본부담금, 추가부담금으로 구성"
부보대수,일정 시점 기준 유효한 계약 건수(보유계약건수)
부분품,"엔진, 변속기(트랜스미션) 등 자동차가 공장에서 출고될 때 원형 그대로 부착되어 자동차의 조성부분이 되는 재료"
부속기계장치,"의료방역차, 검사측정차, 전원차, 방송중계차 등 자동차등록증상 그 용도가 특정한 자동차에 정차되거나 장비되어 있는 정밀기계장치"
부속품,"자동차에 정착 도는 장비되어 있는 물품을 말하며, 자동차 실내에서만 사용하는 것을 목적으로 해서 자동차에 고정되어 있는 내비게이션이나 고속도로통행료단말기를 포함. 다만 다음의 물품을 제외 ① 연료, 보디커버, 세차용품 ② 법령에 의해 자동차에 정착하거나 장비하는 것이 금지되어 있는 물건 ③ 통상 장식품으로 보는 물건 ④ 부속기계장치"
분납,적용보험료를 납입하는 것을 분할하여 납입하기로 약정하는 것을 말함
불가쟁기간,"보험계약에서 고지의무 위반이 있었을 경우, 보험자는 그 보험계약을 해지 할 수가 있다. 그러나 보험계약이 일정기간 유효하게 계속된 뒤에는 고지의무 위반의 사실이 있더라도 보험사고 발생률에 영향을 미치는 일이 없다고 생각되기 때문에 보험자의 해지권을 소멸시키는 일이 있다. 이 일정기간 경과 후 보험계약의 효력을 다툴 수는 없다는 의미로 불가쟁기간이라고 한다.
보험계약에서 고지의무 위반이 있었을 경우, 보험자는 그 보험계약을 해지할 수가 있다. 그러나 보험계약이 일정기간 유효하게 계속된 뒤에는 고지의무 위반의 사실이 있더라도 보험사고 발생률에 영향을 미치는 일이 없다고 생각되기 때문에 보험자의 해지권을 소멸시키는 일이 있다. 이 일정기간 경과 후 보험계약의 효력을 다룰 수 없다는 의미로 불가쟁기간이라고 한다."
불가쟁조항,"보험계약자 또는 피보험자(보험대상자)가 고지의무를 위반하였을 경우, 보험자는 그 계약을 해지할 수가 있다. 그러나 계약성립의 날로부터 일정기간 유효하게 계속된 계약에 대해서는 그 이후에는 고지의무위반을 이유로 해지권을 행사해서 다툴 수는 없다고 하는 조항이다.
보험계약자 또는 피보험자가 고지의무를 위반하였을 경우, 보험자는 그 계약을 해지할 수가 있다. 그러나 계약성립의 날로부터 일정기간 유효하게 계속된 계약에 대해서는 그 이후에는 고지의무위반을 이유로 해지권을 행사해서 다툴 수는 없다고 하는 조항이다."
불완전 계약,"계약체결 과정에서 고의든, 실수든 설명을 누락하거나, 사실과 다르게 설명 또는 고지하거나, 계약자가 제시했던 조건이 아닌 조건으로 보험료를 산출하여 체결하는 계약"
불확정성,"불확정성이라는 것은 결과가 확실해서는 안된다는 것, 우리가 보통 위험이 존재한다고 이야기할 때는 결과치가 최소한 두개 이상이 있을 수 있어야 한다."
블루링크/유보장치,"차량정보 자동 송·수신, 원격 고장진단, 사고 자동통보, 원격문열림 서비스 등을 제공하는 현대, 기아차의 최첨단 텔레매틱스 서비스"
비례보상,손해보험계약에서 분손사고의 경우 보험자가 보험금액의 보험가액에 대한 비율을 가지고 손해를 보상하는 것을 말한다.
비보험전가,위험발생으로 인한 금전적 손해를 일방이 상대방으로 계약을 통하여 이전하는 것을 말하며 보험 이외의 방법을 이용한다.
비영리보험,"보험사업을 경영하는 근본동기가 이윤의 획득을 목적으로 하지 않는 보험. 공동경제적 보험이라고도 한다. 비영리보험의 경영형태로는 국민보험, 조합보험 등이 있다
보험사업을 경영하는 근본동기가 이윤의 획득을 목적으로 하지 않는 보험을 의미하며, 공동경제적 보험이라고도 한다. 비영리보험의 경영형태로는 국민보험·조합보험 등이 있다.
보험사업을 경영하는 근본동기가 이윤의 획득을 목적으로 하지 않는 보험. 공동경제적 보험이라고도 한다. 비영리보험의 경영형태로는 국민보험˙조합보험 등이 있다."
비차손익,"생각보다 사업비가 적게 지출되었다면 남는 돈이 생겨 이것이 비차익, 사업비가 많이 지출되면 비차손이 발생함
실제의 사업비와 예정사업비를 대비한 결과 드러난 과부족을 말한다. 실제의 비용이 예정비용을 초과하는 경우에는 그 차액이 비차손이 되고, 반대로 실제의 비용이 예정비용에 미달하는 경우에는 그 차액이 비차익이 된다."
비차익,예정사업비율이 실제사업비율보다 높은 경우
사고,"급격하게 발생하는 것을 포함하여 위험이 서서히, 계속적, 반복적 또는 누적적으로 노출되어 그 결과로 발생한 신체장해나 재물손해를 말합니다."
사고부담금,"피보험자가 음주운전 또는 무면허운전으로 인한 사고의 경우 피보험자가 부담하여야 하는 금액 ① 음주운전: 1사고당 대인배상I,II 300만원, 대물배상 100만원 ② 무면허운전: 1사고당 대인배상I 300만원, 대물배상 100만원"
사망률,"어느 특정한 집단의 구성원이 어느 기간내에 사망하는 비율을 말한다.
사망률이라는 것은 어떤 특정한 집단의 구성원이 일정기간(보통 1년)내에 사망하는 비율을 의미한다."
사업용자동차,"택시, 렌터카 등 영업용 자동차. 노란색 바탕의 자동차 번호판 부착"
사용피보험자,"기명피보험자의 사용자 또는 계약에 따라 기명피보험자의 사용자에 준하는 지위를 얻은 자. 다만, 기명피보험자가 피보험자동차를 사용자의 업무에 사용하고 있는 때에 한함."
사이드에어백,"측면 에어백, 운전석, 조수석 및 뒷좌석의 옆에 장착된 에어백"
사절체,"정상피보험체인 표준체에 비하여 보험사고의 발생위험 정도가 너무 높거나 위험 정도의 평가가 불가능하여 보험계약이 성립될 수 없는 가입부적격자(피보험자)를 말하며, 사절체라고도 한다.
보험가입부적격자"
산재보험,장해를 보장한다.
상급병실료차액,실제 사용병실과 기준병실과의 병실차액
상품설명서,"보험계약의 권유시 고객에게 필수 안내해야 하는 설명서로 협회의 손해보험상품공시자료작성지침을 따라 작성됨 (근거법령: 보험업법 제95조의2 제1항 및 제2항, 동법 시행법 제42조의 2 제1항, 동법 감독규정 제4-35조의2, 제7-45조, 동법 시행세칙 제5-11조)"
상해,"급격하고도 우연한 외래의 사고로 신체(의수, 의족, 의안, 의치 등 신체보조장구는 제외하나, 인공장기나 부분 의치 등 신체에 이식되어 그 기능을 대신할 경우는 포함)에 입은 손해를 말합니다."
상해등급,자동차손해배상 보장법 시행령에서 정한 상해의 구분과 보험금 등을 정한 등급
상해보험,"피보험자가 우연한 외부적인 사고로 인해 신체상의 상해를 입어 그 결과 사망 또는 불구 등이 되거나 치료를 받아야 할 경우 사망보험금, 장해보험금, 치료비 등을 지급하는 보험을 말한다. 사망보험금은 보험가입금액 전액, 장해보험금은 장해 정도에 따라 보험가입금액의 일정비율로, 치료비는 따로 정한 보험가입금액을 한도로 실비가 지급된다."
상호조합,"지역, 직업 등이 유사한, 한정된 범위내의 사람들을 구성원으로 하여 조합원 서로간의 보험을 실시하는 조직으로 보험사업에만 있는 소규모의 조직이다."
생명표,"생명표는 각 연령에 있어서의 생존자수와 사망자수뿐만 아니라 생존율, 사망률, 평균여명 등을 나타내는 표이다.
어느 집단의 생사에 관한 사항을 생명함수에 의하여 계량적으로 표시한 것으로서 사망표라고 한다. 이는 대수의 법칙을 기초로 하여 연령별 생사잔존상태를 나타내는 방법을 쓴다."
선루프,내부 환기와 탁 트인 개방감 등 쾌적한 운전에 도움을 주기 위해 자동차 지붕에 설치하는 보조 창틀
선임계리사,보험계리에 관한 업무를 최종적으로 검증하고 확인하는 자를 말한다.
선택의유효기간,선택효과
센티멘탈데미지,"일부분이 손상을 입었을 뿐인데도 전량에 대해서 손해를 청구하거나 현재의 손상이 확인되지 않았는데도 손상이 발생됐을 지도 모른다는 상상만으로 청구하는 등, 실체에 기초하지 않고 감정적으로 제기하는 손해를 말한다. 이것은 보험자로부터 보상받을 수 없다."
소급보험,"보험기간은 보험계약 체결 후에 개시되는 것이 보통이지만, 보험기간의 개시시점을 보험계약 체결시보다 이전의 시점으로 소급시키는 보험을 말한다."
소멸,"보험계약이 보험기간의 만료, 보험기간 중의 피보험자 사망 또는 폐질, 해약 등으로 그 효력이 영구히 없어지는 것"
소멸시효,"권리자가 그 권리를 일정기간 행사하지 않는 경우 그 권리가 소멸되는 시효기간을 말한다. 소멸시효는 일정한 상태의 계속으로 권리를 취득하게 되는 취득시효(取得時效)와 대립되며, 권리불행사의 계속을 요건으로 하지 않는 제척기간(除斥期間)과 구별된다. 소유권 이외 재산권은 모두 소멸시효에 걸린다. 보험의 경우 보험금의 청구권 소멸시효는 2년이다."
"소유,사용,관리",자동차손해배상보장법 상의 운행의 개념과 동일
손실,적어도 두 개 이상의 결과에 대하여 하나는 바람직하지 않아야(undesirable)한다.
손인,손인이랑 손실의 원인이다.
손해방지비용,"손해방지의무를 이행하는데 있어서 필요 또는 유익하였던 비용. 여기서 필요 또는 유익이란 손해방지행위를 하는 시점에서 필요하다고 객관적으로 판단되는 한 반드시 결과적으로 유익하였다는 것을 요건으로 하지는 않음.
손해방지 의무를 이행함에 있어 보험계약자 또는 피보험자가 지출한 필요 또는 유익한 비용. 상법에서는 보험계약자와 피보험자에게 손해방지 의무를 지우는 동시에, 그것에 소요되는 필요 또는 유익한 비용은 손해보험금과의 합계액이 보험금액을 초과하는 경우에도 보험자가 부담하도록 정하고 있다. 이 규정은 강행규정이 아니므로 실제의 취급은 보험약관에 따라 다르다."
손해방지의무,"손해보험에서 보험의 목적에 보험사고가 발생하였을 경우, 보험계약자 또는 피보험자는 손해의 방지˙경감을 위해서 노력하지 않으면 안 된다. 이것을 손해방지의무라고 한다. 이 의무는 보험계약의 근본이 되는 최대 선의의 원칙과 나아가 사회적인 공익보호의 요청에 의거하여 인정되는 것이다."
손해보험료,"손해보험계약에서 보험자가 보험계약상의 책임을 부담하는데 대하여, 보험계약자가 보험자에게 지급하는 대가. 통산 보험금액에 보험요율을 곱해서 산출된다. 손해보험요율은 일반적으로 순보험료와 부가보험료로 구성되어 있지만, 장기보험의 경우에는 그밖에 만기환급금에 충당되는 적립보험료가 추가된다."
손해보험모집,"보험계약자의 권익을 보호하고, 보험사업의 건전한 발전을 도모할 것을 목적으로 하는 규정이다. 이 규정에서는 보험모집인의 등록요건, 보험대리점의 허가기준과 모집질서 유지 및 보험계약의 관리 등 손보사의 보험모집조직과 그 운영 및 관리에 관한 전반적인 사항을 정하고 있다."
손해보험요율,"하나 하나의 손해보험계약의 보험료를 산출하는데 척도가 되는 것으로, 일반적으로 보험금액 한 단위에 대한 보험료의 비율을 나타낸다. 보험요율은 보험의 종류와 위험의 정도 등에 따라서 정해진다. 보험료 및 책임준비금산출 방법서는 기초서류의 하나로서 재정경제원장관의 인가를 받아야 한다.
하나 하나의 손해보험계약의 보험료를 산출하는데 척도가 되는 것으로, 일반적으로 보험금액 한 단위에 대한 보험료의 비율을 나타낸다. 보험요율은 보험의 종류와 위험의 정도 등에 따라서 정해진다."
손해율,"보험료에 대한 보험금의 비율을 말하며, 경영분석, 보험요율의 산출 등에 있어서 사용된다. 보험료 또는 보험금의 계산방법에 따라 여러 가지로 달라지지만, 통상 순수보험금에 손해조사비를 더한 액수의 보험료에 대한 비율이 쓰여진다."
수리비용,"수리비와 열처리도장료의 합계액을 말하며, 그 합계액은 피해물의 사고 직전 가액의 120%를 한도로 함."
순보험료율,보험금액에 대한 순보험료의 비율을 의미한다.
순보험요율,보험금액에 대한 순보험료의 비율.
순수위험,손실의 가능성(chance of loss)이나 현상유지의 가능성(chance of no loss)만 있을 때 존재한다.
승낙피보험자,기명피보험자의 승낙을 얻어 피보험자동차를 사용하거나 관리하고 있는 자
승용차요일제 특약,평일중 하루(비운행 약정요일)을 운행하지 않기로 약정하고 이를 준수한 경우 보험만기시 보험료 일부를 환급해주는 특약
신계약,"일반적으로 새로 체결된 보험계약을 의미하며, 통계상으로는 월·년 단위의 일정한 기간을 기준으로 하여 그 기간 중에 새로 체결된 계약을 의미하기도 한다."
신체장애,"신체(의수, 의족, 의안, 의치 등 신체보조장구는 제외하나, 인공장기나 부분 의치 등 신체에 이식되어 그 기능을 대신할 경우는 포함)의 상해, 질병 및 그로 인한 사망을 말합니다."
실손보상,"비례보상과 대비되는 손해보상 방식으로, 보험자가 보험금액을 한도로 하여 실제의 손해액을 보상하는 것을 말한다. 이것은 주로 일반 손해보험에서 사용되는 개념이다.
비례보상과 대비되는 손해보상방식으로, 보험자가 보험금액을 한 도로 하여, 실제의 손해액을 보상하는 것을 말한다."
실손의료비,"보험에서 실손의료비란 약관에 명시한 보상하는 질병이나 상해로 인해 의료기관에서 치료를 받은 후, 실제로 환자가 부담한 치료비용으로 국민건강보험법이나 의료급여법에 의거한 급여 본인부담금액과 비급여 금액을 합한 금액."
실효,효력상실
아이 오 피,손해율의 여하를 불문하고 보상하는 뜻을 표현한 문언으로서 면책률에 상대되는 용어이다.
알바트로스,각 홀의 기준 타수보다 3타가 적은 타수로 볼이 홀에 들어가는 것을 말합니다.
약식기소,"검사가 지방법원의 관할사건에 대하여 보통의 심판절차인 공판절차를 거치지 아니하고 피고인에게 벌금, 구류 또는 몰수의 형을 과하는 것이 타당하다고 판단하여 약식명령 공소장에 의하여 기소하는 것"
약정복구기간,계약당시 보험가입증서(보험증권)에 기재된 복구기간
양로보험,"피보험자(보험대상자)가 계약성립 후 일정한 연령에 도달하기 전에 사망한 경우뿐만 아니라, 일정 연령까지 생존한 경우에도 약정된 보험금을 지급하는 보험이다."
양부모,양자(입양에 의하여 자식의 자격을 얻은 사람)로 들어간 집의 부모
양자녀,혈연관계가 없음에도 법률에 따라 친생자와 같이 보는 친자
억류상태,① 신체적으로 직접 구속하여 장소적으로 일정한 구획 밖으로 나가지 못하게 하는 것 ② 기망 또는 유혹의 수단이 나 폭행 또는 협박을 수단으로 하여 현재 보호되고 있는 상태에서 벗어나게 하여 자기 또는 제3자의 지배아래 옮겨두는 것.
언더라이팅,→위험의 선택
언드 인커드 베이시스,"손해율 산출의 한 방법으로 어느 일정기간에 있어서 기경과보험료에 대한 동일기간내의 발생보험금의 비율로서 구하는 방식을 말한다. 리튼 페이드 베이시스(written paid b\\asis)에 대비된 방법이며 구미에서는, 간단히 손해율이라고 하면 언드 인커드 베이시스의 손해율을 가리키는 것이 많다.→리튼 페이트 베이시스"
에어백,사고 발생시 보호장치가 기폭되어 운전자 및 승객을 보호하는 장치
연납보험,보험료의 납입이 연1회인 경우의 보험.
연장보험,→연장정기보험
연증법,"표준미달체 계약을 취급하는 방법의 한가지이다. 피보험자의 위험의 정도에 맞추어서 실제의 연령에 일정 연령을 더한 연령을 가지고 계약 연령으로 하여, 이 연령의 보험료를 징수하는 방법이다. 이 방법은 고객에게 나쁜 인상을 주는 등의 결함으로 인하여 현재는 별로 사용되지 않는다.
표준미달체계약을 다루는 방법의 한 가지이다. 피보험자의 위험의 정도에 맞추어서 실제의 연령에 일정 연령을 더한 연령을 가지고 계약연령으로 하여, 이 연령의 보험료를 징수하는 방법. 이 방법은 고객에게 나쁜 인상을 주는 등의 결함으로 현재는 별로 사용되지 않는다."
영상기록장치,"자동차용 영상 사고기록장치로, 자동차 충돌 전후의 상황을 기록해 사고 정황 파악에 필요한 정보를 제공"
영업용자동차보험,모든 사업용(영업용)자동차를 대상으로 하는 자동차보험.
예금보험제도,"금융 기관이 영업 정지나 파산 따위로 고객의 예금을 지급하지 못하게 되는 것을 방지하기 위하여 예금자 보호법을 제정하여 고객의 예금을 보호하는 제도. 예금 보험 공사가 금융 기관으로부터 보험료를 받아 기금을 적립한 후, 금융 기관이 예금을 지급할 수 없게 되면 금융 기관 대신 예금을 지급"
예상사망율,부담금계산의 기초에 적용된 특정생명표상 연령별 사망율의 수열을 말함.
예상이율,일정한 수익률을 예측하여 그만큼 부담금을 할인하는 것으로 할인에 적용하는 비율을 말함.
예정기초율,"예정위험률과 예정이율, 예정사업비율 등 보험료 계산의 기초가 되는 3가지 구성요소를 말한다."
예정사망률,보험료계산의 기초에 적용된 특정생명표의 연령별사망율의 수열이며 기초사망율이라고도 한다. 이 예 정사망율은 실제로 발생할 사망율을 정확하게 예측하여야 하나 이는 대단히 어려워 과거의 사망율에 다소의 안정성을 예견하여 예정사망율을 나타내고 있다.
예정손해율,"손해보험에서 예정사업비율 및 예정이율과 함께 보험요율을 구성하는 한 요소이며, 보험료중 보험금으로 지급될 것으로 예측되는 부분의 비율을 말한다. 이미 사용되고 있는 보험료율을 실적손해율에 따라서 개정할 경우에 사용된다.
예정사업비율 및 예정이율과 함께 보험요율을 구성하는 한 요소이며, 보험료중 보험금으로 지급될 것으로 예측되는 부분의 비율을 말한다. 이미 사용되고 있는 보험요율을 실적손해율에 따라서 개정할 경우(이것을 손해율법이라고 한다)에 사용된다.→순보험료"
예정위험률,한 개인이 사망하거나 질병에 걸리는 등의 일정한 보험사고가 발생할 수 있는 확률을 대수의 법칙에 의해 예측한 것을 예정위험률이라고 합니다. 일반적으로 예정위험률이 높으면 보험료가 높아지고 낮아지면 보험료가 낮아집니다.
예측단위적립방식,"가입자별 장래 급여를 각 근무기간에 대응하는 ‘단위’로 분할, 할당하고, 그 단위에 해당하는 금액을 각 근무기간 중에 부담금으로 납입하여 장래 급여지급의 재원으로 적립하는 방식"
완전판매 e모니터링,홈페이지 및 모바일 기기를 통하여 고객이 직접 완전판매 여부를 확인하는 모니터링
완전판매 모니터링,완전판매 이행 여부를 확인하기 위하여 신계약 전산입력 이후에 계약자 또는 피보험자에게 완전판매와 관련된 사항을 유선 및 기타 수단을 통하여 확인하는 절차.
외래수술비,"통원치료 중 발생한 수술료, 마취료, 수술재료비 등을 말함"
요율조정계수,"각 적용단위별 순보험료를 기명피보험자(이하 “피보험자”라 한다)의 성ㆍ연령, 운전자 한정운전 특약, 운전자연령 한정운전 특약, 운전가능자 특성요율, 법인성격요율 등의 조합별 단위로 결정ㆍ적용하는 계수를 말한다."
우량물건,"계약인수여부를 판단하는 언더라이팅과정에서 언더라이터가 볼 때 손해발생률이 낮을 것으로 생각되는 물건을 말하며 이에 반대되는 용어가 불량물건(bad risk)이다. 우량인지 불량인지의 판단은 다분히 언더라이터의 주관에 의존할 수밖에 없으나, 해당 물건의 과거 수년간의 손해율˙부보조건 및 요율과 보험계약자측의 해당물건에 대한 위험관리체제 등을 보아 종합적으로 판단하게 된다."
우량할인 및 불량할증,과거 사고발생실적 따라 갱신보험료를 할인하거나 할증하는 제도. 이 제도는 위험도에 따른 보험계약자간의 차별없는 보험료 산정원칙 추구와 자동차 사고발생을 사전 방지하는 데도 그 목적을 두고 있음
운전자 연령 한정특약,"자동차보험에 있어서 운전자의 연령을 한정하여, 사고발생률이 높은 연소한 운전자를 제외해서 위험을 축소시킴으로써 보험료 부담의 경감을 도모하는 방식. 이 특약은 손해율 개선 및 교통사고 예방에 상당한 효과가 있다."
운전자 중심 요율제도,"자동차보험료의 할인˙할증을 차량 중심이 아닌 운전자 중심으로 하는 제도로서, 우리나라에선 1990년 4월 1일부터 시행되었다. →자동차보험의 우량할인 및 불량할증제도 →자동차보험의 사고기록 점수제도"
운전자가족 한정운전특약,"보험증권에 기재된 자동차 운전자의 범위를 기명피보험자와 그 가족으로 한정하는 특약. 한정운전자 이외의 자가 운전하는 사이에 생긴 사고는 보상하지 아니한다. 가족이란 ①기명 피보험자의 부모와 양부모 ②법률상의 배우자 또는 사실혼 관계에 있는 배우자 ③기명 피보험자의 배우자와 동거하는 부모 또는 양부모 ④법률상의 혼인관계에서 출생한 자녀, 사실혼 관계에서 출생한 자녀, 양자 또는 양녀 및 며느리를 말함."
운전자연령한정특약,피보험자동차를 운전할 자의 연령범위를 한정하는 특별약관
운전피보험자,"다른 피보험자(기명피보험자, 친족피보험자, 승낙피보험자, 사용피보험자를 말함)를 위하여 피보험자동차를 운전 중인 자(운전보조자를 포함)"
원계약,계약분리의 대상이 되는 계약으로 2인 이상의 피보험자가 가입되어 있는 유효한 계약을 말합니다.
원리금보장상품,원금과 약정한 이자를 보장해주는 상품.
위자료,"정신적인 고통에 대해서 보상하는 손해배상을 말한다. 배상의 규정은 민법에서 정하고 있다. 위자료는 그 성격상 일정한 산출방법이란 있을 수 없어서, 결국 법관의 합리적 판단에 맡겨질 수밖에는 없으나, 일반적으로는 피해자의 고통, 연령, 배우자의 유무, 직업, 사회적 지위, 그밖에 가해자의 사고에 대한 경위, 사고 후의 대응 등 일체의 사정이 감안된다."
위태,위태란 손실의 기회를 창출하거나 증가시키는 조건 및 상태를 의미한다.
위험,위험은 손실의 가능성(chance of loss)이다.
위험률,위험발생률 또는 위험도라고도 한다. 어떤 특정한 위험이 어떤 기간 내에 발생하는 비율을 말한다. 이를테면 30세 남자의 사망률이 0.00103이라고 하는 경우에는 30세의 남자가 31세가 될 때까지의 1년간에 사망하는 위험률이 10만명당 103명이라는 것을 의미한다.
위험보험료,"보험가입자가 중도에서 사망한 때에 지급하는 사망보험금의 재원이 되는 부분을 말한다.
보험사고 발생시 보험금 지급의 재원이 되는 보험료를 말한다. 즉, 보험가입자가 보험기간 중도에 사고를 당하여 사망하거나 또는 장해를 입었을 경우에 지급하는 사고보험금의 재원이 되는 부분으로 예정위험률에 따라 정해진다."
위험사고,손해보험에서 위험사고란 보험사고와 거의 동일한 개념으로 사용하고 있으나 많은 경우에 이미 발생한 사고를 보험사고라고도 하며 아직 발생하지 않은 발생 가능한 사고를 위험사고라고 말하기도 한다.
위험율차익,"실제사망률이 예정사망률보다 낮은 경우에 생기는 이익 또는 반대의 경우 손해로, (예정위험률 - 실제위험률)×위험보험금 = 위험보험료총액 - 실제사망의 위험보험금 총액의 식으로 위험률차익(손)을 표현할 수 있다. 통상 경과년수가 적은 계약에서는 위험선택의 효과가 있고 실제사망률이 예정사망률보다 낮기 때문에 위험률차익이 많지만 경과년수가 증가함에 따라 선택효과가 희박해져 위험률차"
위험의 분산,"위험의 집중에 대립되는 개념으로, 보험사업에 있어서 대수의 법칙에 의한 확률의 편차를 될 수 있는 대로 줄이기 위해서는 다수의 동질의 위험을 인수하는 것이 바람직하지만, 거기에는 일정한 한계가 있으므로 타사로부터 재보험을 인수함으로써 실질적인 건수의 증가를 꾀할 수 있다. 또한 자사의 보험계약을 교환적으로 출재하는 경우도 있다. 이렇듯 동질의 위험에 관련이 있는 보험계약을 될 수 있는 한 많이 인수하거나 재보험 거래를 통해서 같은 사례가 조성됨으로써, 동질의 위험으로 구성된 커다란 위험집단이 형성되어 위험의 분산이 이루어질 수 있다."
유동성,자산이나 채권을 형편에 따라 손실 없이 화폐로 바꾸거나 회수할 수 있는 성질을 말한다.
유지율,보험계약이 체결된 후 그 계약이 유효하게 계속되고 있는 비율. 일반적으로 계속되고 있는 비율. 일반적으로 신계약의 보험금액을 기준으로 보험료의 납입회차별 납입된 계약의 비율(%)로 표시된다.
음주운전,『도로교통법』에 정한 술에 취한 상태에서 운전(조종)하거나 음주 측정에 불응하는 행위 ※ 술에 위한 상태 : 혈중알콜농도 0.05% 이상(도로교통법 제44조 제4항)
이득금지의 원칙,"손해보험은 손해의 보상을 목적으로 하고 있는 바, 피보험자는 손해보험에 의해서 그가 입은 손해의 보상을 받되, 그 이상의 것을 받아서는 안 된다. 보험에 가입해 있던 사유로 피보험자가 사고발생 직전의 경제상태보다도 좋은 상태가 된다면, 보험 때문에 사고가 유발되기도 할 것이다. 따라서 손해보험 에서는 이득 금지의 원칙을 적용하고 있다.
손해보험은 손해본 만큼에 대해 보상하는 보험으로, 피보험자는 사고발생시 손해의 보상을 받되, 그 이상의 것을 받아서는 안된다는 원칙을 말한다. 보험에 가입해 있던 피보험자가 사고발생 직전의 경제상태 보다도 좋은 상태가 된다면, 보험 때문에 고의적인 사고가 발생할 수 도 있을 것이다. 따라서 손해보험에서는 이득금지의 원칙을 적용하고 있다."
이륜자동차보험,이륜자동차 및 원동기장치자전거가 가입대상인 자동차보험
이모빌라이져,이모빌라이져는 시동의 인증이 되는 키만 시동이 걸리게 하는 장치
이재차손익,한 개인이 사망하거나 질병에 걸리는 등의 일정한 보험사고가 발생할 수 있는 예측한 예정위험률을 높게 책정했을경우 이윤이 발생하고 낮게 책정했을경우 손실이 발생되는 부분이 이재차 손익이라한다.
이차손익,"자산운용의 실제의 이율이 예정이율과 다르게 됨으로써 생기는 손익을 말한다. 실제의 이율이 예정이율을 웃돌면 이차익, 반대는 이익손이 된다. 대개 예정이율은 안전을 내다보고 낮게 설정되어 있기 때문에 이차손이 생기는 일이 거의 없다."
인적순수위험,소득상실의 위험 인위위험(speculative risk) 인위위험은 손실의 가능성(chance of loss)뿐만 아니라 이득의 가능성(chance of gain)도 있는 경우에 존재한다.
일반사망,"질병이나 노쇠 즉, 신체상의 결함으로 인하여 사망하는 자연사를 말한다."
일부보험,보험금액이 보험가액보다 적을 경우를 말한다. 손해가 발생하였을 때에는 보험자는 보험금액의 보험가액에 대한 비율로 손해를 보상한다. → 비례보상
일시납,보험계약 체결과 동시 보험료를 일시에 납입하는 방법 입니다.
일시납 양로보험,사망이나 만기시 동액의 보험금을 받을 수 있는 양로보험으로 계약체결시에 보험기간에 대한 보험료를 일시에 납입하도록 한 것으로 일시납이므로 계약유지에 비용이 거의 필요치 않으므로 보험료는 저렴한 편이다.
일시납보험료,"보험계약 체결시에 보험기간(보장기간)에 대한 보험료를 한꺼번에 전액 납입한 경우, 이 보험료를 일시납보험료라 한다. 일시납이므로 수금비용이 거의 필요치 않아 보험료는 다소 할인된다."
일할계산,1년간 적용할 보험료를 1일 보험료로 전환하여 해당 보험기간 일수 만큼 곱하는 계산방식.
임의보험,"의무보험 이외 자기신체사고, 자기차량손해 등 보험계약자가 선택 가입할 수 있는 보장종목"
임의해지,"계약당사자가 임의로 계약을 해지하는 경우로서, 미경과기간에 대한 보험료는 보험계약자에 의한 임의해지시는 월할계산, 보험자에 의한 임의해지시는 일할계산에 따라 환급한다."
입원 급부금,"크게 재해입원 급부금과 질병입원 급부금으로 나눌 수 있으며, 재해입원 급부금은 불의의 사고를 직접적인 원인으로 해서 사고가 발생한 날로부터 몇일이내에 기준일이상 입원하였을 때 그리고 질병입원 급부금은 질병에 의해서 기준일이상 입원하였을 때 대상이 된다.
재해입원 급부금과 질병입원 급부금이 있다. 재해입원 급부금은 불의의 사고를 직접적인 원인으로 해서 사고의 날로부터 예를 들어 180일 이내에 5일 이상 입원하였을 때 그리고 질병입원 급부금은 질병에 의해서 20일 이상 입원하였을 때 대상이 된다. 어느 경우나 국내의 병원 또는 의원의 입원이여야 하며, 지급되는 금액은 <입원 급부금일액×입원일수>이다."
입원실료,"입원치료 중 발생한 기본병실 사용료, 환자관리료, 식대 등을 말함"
자가보험,자가보험은 위험을 단순히 자체 내에서 인수하는 것이 아니라 보험이란 방법으로 자기인수하는 것이다.
자계약,원계약에서 분리되어져 나가는 피보험자에게 새롭게 형성되는 계약을 말합니다.
자기를 위해서 하는 보험,"보험계약자 자신을 보험수익자로 하는 보험계약을 말한다. 보험수익자의 지정이 없는 계약도 <자기를 위해서 하는 보험〉이 된다고 해석되고 있다. 보험수익자인 보험계약자가 사망하였을 경우에는, 그의 상속인이 보험계약자로서의 지위와 아울러 보험수익자의 지위를 상속하게 된다."
자기부담금,"보험사고로 인하여 발생한 손해에 대하여 계약자 또는 피보험자가 부담하는 일정 금액을 말합니다.
자기차량손해 사고 발생 시 본인이 부담해야할 금액으로 보험증권에 기재된 금액"
자동변속기,자동차의 주행속도와 부하(負荷)에 맞추어 자동적으로 최적의 토크 변환을 얻을 수 있도록 클러치를 없애 클러치와 기어 변속의 조작을 운전자 대신 기계가 운전 상황에 따라 자동적으로 함
자동종료해지,약관규정에 의한 자동종료 (탈급. 관리자 변경 등).
자동차 대물배상 보험,"피보험자동차의 사고로 남의 재물을 멸실, 파손 또는 오손하게 되어 피보험자가 법률상의 손해배상책임을 부담함으로써 입는 손해에 대하여 보험금을 지급하는 보험. 보험금액은 한사고마다의 최고 지급한도액으로 정하며, 자동차 복원방식이 도입되어 있다."
자동차 취급업자,"자동차정비업, 주차장업, 급유업, 세차업, 자동차판매업, 자동차탁송업 등 자동차를 취급하는 일에 종사하는 자(이들의 피용자 및 이들이 법인인 경우에는 그 이사와 감사를 포함)"
자동차기계장치,"방송기계류, 녹음기계류, 렌트겐종류, 토오키종류 등의 특수한 기계장치"
자동차보유자,자동차의 소유자나 자동차를 사용할 권리가 있는 자로서 자기를 위하여 자동차를 운행하는 자(『자동차손해배상보장법』 제2조 제3호)
자동차보험 대물배상,"이 보험은 피보험자동차를 소유, 사용, 관리하는 동안에 생긴 피보험자동차의 사고로 남의 재물을 멸실, 파손 또는 오손하여 법률상 손해배상책임을 짐으로써 입은 손해를 약관에 정한 바에 따라 보상하는 책임을 진다."
자동차보험 무보험자동차에 의한 상해,"『무보험자동차에 의한 상해』는 이 보험계약에 대인배상, 대물배상 및 자기신체사고가 함께 체결된 경우에 한하여 적용한다. 이 보험은 ① 피보험자가 무보험자동차에 의하여 생긴 다음의 사고로 죽거나 다쳤을 때에, 그 손해에 대하여 배상의무자가 있을 경우 이 약관에서 정한 바에 따라 보상합니다."
자동차보험 자기신체사고,"이 보험은 피보험자가 피보험자동차를 소유, 사용, 관리하는 동안에 생긴 피보험자동차의 사고로 인하여 상해를 입었을 때에 약관이 정하는 바에 따라 보험금을 지급한다."
자동차보험 진료수가,자동차의 운행으로 사고를 당한 자가 『의료법』에 따른 의료기관에서 진료를 받음으로써 발생하는 비용
자동차보험의 사고기록 점수제도,"1989년 7월 1일자 자동차보험 제도개선의 일환으로 우리나라에선 90년 4월 1일자로 처음으로 실시된 제도. 평가 대상 기간 중의 사고유무 및 사고건별 기록 점수에 따라 평가하며, 사고기록 점수는 매건별 사고의 내용 및 원인별 점수를 합계하여 결정한다. 합계 점수에 따라 보험료 할증이 부가된다."
자동차부속품,자동차에 통상 붙어있거나 장치되어 있는 것으로 장식품이 아닌 것
자동차손해배상보장법,자동차사고로 인한 손해배상제도에 관한 특별법 ① 배상책임주체의 확대(운행자 책임) ② 조건부 무과실책임주의(자배법 제3조 단서 조항) ③ 입증책임의 전환 ④ 보험가입의 강제 및 자동차손해배상보장사업
자동차취급업자,"자동차정비업, 주차장업, 급유업, 세차업, 자동차판매업, 자동차탁송인 등 자동차를 취급하는 일에 종사하는 자(이들의 피용자 및 이들이 법인인 경우에는 그 이사와 감사를 포함)"
자동항법장치,위성항법장치가 내장되어 차량의 위치를 자동으로 표시해 주는 장치로 보통 내비게이션이라고 함
자연보험료,"각 연령별 사망률에 기초를 두고 1년마다 수지의 균형이 잡히도록 계산된 보험료를 말하며, 사망률에 비례하여 보험료가 체증하는 바, 연령의 증가에 따라 보험료 납입의 부담이 커진다. 따라서 계약자의 입장에서는 보험료의 납입능력에 문제가 생길 수 있으며, 매년 납입보험료가 상이하므로 계약의 유지 및 관리에도 복잡한 결점을 지니고 있다."
자필서명,"보험계약자와 피보험자(보험대상자)가 자필서명을 하지 않으신 경우에는 보장을 받지 못할 수 있습니다. 다만, 전화를 이용하여 가입할 때 일정요건이 충족되면 우편이나 팩스를 통한 자필서명을 생략할 수 있으며, 인터넷을 이용한 홈페이지에서는 공인전자서명으로 대체할 수 있습니다."
잔존물제거비용,"사고현장에서의 잔존물의 해체비용, 청소비용(사고현장 및 인근지역의 토양, 대기, 수질 오염물질 제거비용과 상차후 폐기물 처리비용은 제외) 및 상차비용"
장기손해보험,"손해보험에서는 보험기간 1년을 기준으로 하여(연계약이라 한다.) 1년 미만을 단기보험계약, 1년을 넘는 것을 장기보험계약이라고 한다. 장기보험에는 보험계약의 구조자체가 장기인것(장기종합보험)도 있으나, 원래 1년 계약용으로 되어 있는 보험을 특약에 의해서 장기화시키는 일도 있다. 단기보험계약에서 적용되지 않은 만기환급금 지급은 장기보험의 특징의 하나이다."
장례비,"부고비, 주류 및 음식물접대비 제례비용 등을 말하며, 지급기준 상 지출 여부를 불문하고 300만원으로 산정"
장비,자동차의 기능을 충분히 발휘하기 위해 갖추어 두고 있는 상태 또는 법령에 따라 자동차에 갖추어 두고 있는 상태
재무설계,생활자금목표를 달성하기 위해서 오랜 준비기간과 많은 자금의 수요가 예상되므로 그 시기를 감안하여 장래 가정에 필요한 자금의 준비를 계획적으로 해두는 것을 말한다.
재물손해,물리적으로 망가뜨려진 유체물의 직접손해와 물리적으로 망가뜨려진 유체물의 사용불능으로 생긴 간접손해
재보험단위,"보험자가 초과액재보험특약에 의거하여 재보험을 행하는 경우 상대방의 부담력 또는 상대방이 제공하는 교환재보험(reciprocity)의 양을 협의하고 출재금액의 한도를 정한다. 이것은 금액을 가지고 표시하는 경우도 있으나, 보험자의 보유액을 단위로 하여 그 재보험단위(배수)를 가지고 출재액의 단위를 표시하는 경우가 있다. 재보험단위(출재배수)란 이 출재액의 한도를 표시하는 단위 즉 배수를 말한다."
재해 고도장해 보험금,명보험의 재해관련 특약의 하나인 재해사망 특약에 의해서 지급되는 보험금으로써 피보험자가 고도의 장해를 입었을 때 계약가입 보험금액의 100%가 지급된다
재해사망,외부로부터 예측할 수 없는 우연한 사고가 직접적인 원인이 되어서 사망하는 것을 말한다. 재해사고로 인하여 사망한금을 재해사망보험금이라고 하며 이 경우에는 계약보험가입금액의 100%가 지급된다.
재해사망보험금,"재해사망특약, 가족재해특약 및 교통재해보장특약 등에 의해서 지급되는 보험금이다. 특약기간 중 예측할 수 없는 사고가 직접적인 원인이 되어서 사망하였을 때 계약보험가입금액의 100%가 지급된다.
재해사망특약, 가족재해 특약 및 교통재해보장특약 등에 의해서 지급되는 보험금. 특약기간 중 예측할 수 없는 사고가 직접적인 원인이 되어서 사망하였을 때 계약보험가입금액의 100%가 지급된다."
적립계약 순보험료,금리연동형 상품에서 영업보험료 중 향후 만기보험금의 지급재원으로 매일 적립되는 금액을 말한다. 이 금액을 기준으로 적립금이 적립된다.
적립금,"피보험자를 위해서 적립해 놓은 금액을 말한다. 적립금이라는 말은 넓은 의미에서는 보험계정에서 결산상 생기는 잉여금이며, 좁은 의미에서는 보험계약에 대한 보험자의 의무이행을 위한 금액이다."
적립부분 순보험료,적립보험료에서 적립부분에 해당하는 부가보험료를 제외한 보험료를 말합니다.
적용보험료,기본보험료에 당해 계약의 제반 요율 적용요소를 감안하여 산출한 금액으로서 보험계약자가 지불하여야 할 보험료
전기납,"전 보험기간 동안 보험료를 납입하는 것
보험기간의 전 기간에 걸쳐 보험료를 납입하는 보험료 납입방법이다."
전기납입보험,"보험기간(보장기간)의 전기간에 걸쳐서 보험료를 납입하는 보험을 말한다.
보험기간의 전기간에 걸쳐서 보험료가 납입되는 보험을 말한다. 보험료의 납입방법에는 연납, 6개월납, 월납 등이 있다."
전방조종 자동차,가장 앞부분과 조향핸들 중심점까지의 거리가 자동차 길이의 1/4 이내인 자동차
전손부활,피보험자동차가 전손되어 새로운 차량을 해당 계약에 승계하여 계약을 부활하는 것
전환가격,"사망보험중 보험기간이 일정기간에 한정되어 있는 보험을 말한다. 정기보험의 장점은 저렴한 보험료로 고액의 보장을 받을 수 있다는 것이며, 단점으로는 생존자는 보험금을 못받게 된다는 점이다."
정기보험,"어느 일정한 보험기간 중에 보험대상자(피보험자)가 사망한 경우 보험금을 지급하는 보험을 말한다. 보험기간의 만료시점에서 생존해 있는 경우에는 급부가 없고, 거기에서 계약은 소멸한다."
정부보장사업,『자동차손해배상보장법』에 의거 ① 뺑소니 자동차 또는 무보험(책임보험도 미가입)자동차 등의 교통사고로 인해 죽거나 다친 피해자로 다른 수단으로는 전혀 보상을 받을 수 없는 경우 피해자에 대한 최소한의 보상 ② 자동차사고로 인한 사망자 및 중증후유장해인의 가족에 대한 지원
정차,운전자가 5분을 초과하지 아니하고 차를 정지시키는 것으로서 주차 외의 정지상태(도로교통법 제2조 제25항)
정착률,"등록된 모집인이 중도에 탈락하지 않고 잔존하고 있는 정도를 나타낸 비율이며, 보통 13월차와 25월차에 대한 정착률을 통계로 이용하고 있다."
제3분야 보험,"일본 보험업법 개정과정에서 생˙손보사가 겸영할 수 있는 분야를 지칭하는 말로 처음등장했다. 생보인보험과 손보물보험 사이의 중간분야로 상해부문과 질병부문 영역을 일컫는다. 생보는 특약, 손보는 주보험으로 설계돼 생보는 정액보장, 손보는 실비보장이 원칙이다. 완전한 상품형태로 생손보 모두 동시에 참여할 수 있도록 논의되고 있는데 아직 우리나라엔 도입되지 않았다."
제도성 특약,주계약에 추가하여 별도로 추가적인 보장을 확대하는 특약이 아닌 보험금 선지급서비스특약이나 비흡연자할인특약 등과 같이 주계약의 보장내용이나 적용방식 등을 보완·규정하는 특약을 말한다. 통상적으로 제도성 특약에는 별도의 보험료가 부가되지 않는다.
조기사망,"계약후 또는 부활 후 단기간내에 발생하는 사망을 말하는 것으로, 계약후 또는 부활후 2년미만의 사망을 말한다."
종합보험,"여러 가지 위험을 하나의 증권으로 일괄해서 보상하는 보험의 총칭으로 주택상공종합보험, 동산종합보험, 개인용 자동차 종합보험 등이 있다.
여러가지 위험을 하나의 증권으로 일괄해서 보상하는 보험의 총칭. 주택상공종합보험, 동산 종합보험, 개인용 자동차 종합보험 등이 그 보기이다."
좌석벨트 착용자 특별보험금,"일본의 자동차보험 탑승자 상해계약에서 좌석벨트 착용자에 대한 보험제도상의 우대조치로써 지급되는 보험금. 고속도로˙자동차 전용도로에서 발생한 자동차사고로 탑승자가 좌석벨트를 착용하고 있었음에도 불구하고 사망하였을 경우에, 탑승자 상해 보험금액의 10%(일정금액을 한도로 한다.)에 해당하는 액수가 통상의 사망보험금에 추가되어 특별보험금으로 지급된다. 우리나라에선 좌석벨트 착용여부는 과실비율의 인정"
주관적 위험,"피보험자 자신 또는 피보험자와 접촉하는 사람의 성격이나 행동에 의존하는 모든 위험을 말하는 것으로, 도덕적 위험, 인위적 위험과 같은 뜻으로 사용되는 경우도 있다."
주된보험대상자,"보험계약 체결시 보험대상자(피보험자)가 2인 이상일 경우 주된 피보험자(주피보험자) 즉, 보험계약의 성립여부의 주된 대상이 되는 보험대상자(피보험자)를 말한다."
중개수수료,"보험중개인이 보험계약을 중개한데 대한 보수로서 보험자가 받는 보험료 중에서 일정비율을 중개인에게 지급한다. 중개수수료의 요율은 일정하지 않고 보험사마다 다르다.
보험브로커가 보험계약을 중개한데 대한 보수로서 보험자가 받는 보험료중에서 일정비율을 중개인에게 지급한다. 중개수수료의 요율은 일정하지 않으나 대리점수수료에 비하여 훨씬 낮다."
중대한 과실,"과실중에서 경과실에 대립하는 것으로, 현저하게 주의를 게을리함으로써 일정한 사실을 알지 못하는 심리상태를 가리키고, 단순히 중과실이라고 일컫는다. 상법상 보험계약자 등의 보험가입자 측의 중대한 과실은 고의의 경우와 함께, 보험자의 면책사유, 고지의무 위반의 주관적 요건, 보험계약이 무효인 경우의 보험료반환청구권의 소멸사유 및 주관적 위험변경·증가 사유가 된다.
주의의무위반이 현저한 과실. 즉, 극히 근소한 주의만 기울였더라도 결과 발생을 예견할 수 있음에도 부주의로 이를 예견하지 못한 것을 의미"
중도환급금,"해당 상품의 약관에 의거 보험기간 중 환급하는 금액. 중도환급금은 보험계약 유지기간 중 해당 상품약관에 따라 지급하는 환급금으로 중도환급금 발생시점까지 보험료가 완납되어 중도금 발생조건이 충족되어야 하며, 단순히 기간만 도래한 경우에는 지급되지 않음"
중복계약,동일 목적물(자동차)이 2개 이상의 자동차보험에 가입된 경우
중복보험,"넓은 의미로는 동일한 보험의 목적의 동일한 위험에 대하여 여러 개의 보험계약이 보험가입되어 있을 경우를 말하고 이들 보험가입금액의 합계가 보험가액을 초과할 경우를 중복보험이라 부른다.
동일의 피보험 이익에 대해서 복수의 보험계약이 존재하는 경우, 이것을 광의의 중복보험계약이라고 한다. 또, 중복되는 각 보험계약의 보험금액의 합계가 보험가액을 초과하는 경우, 이것을 협의 또는 상법상의 중복보험계약이라고 한다. 그리고 중복보험계약에는 복수의 계약이 동시에 체결된 동시 중복보험계약과 시기를 달리해서 체결된 이시(異時)중복보험계약이 있다."
중복보험계약,"일반적으로 손해보험계약에서 사용되는 용어로서, 동일의 피보험 이익에 대해서 복수로 보험계약을 체결하는 경우 이것을 광의의 중복보험계약이라고 하며, 중복되는 각 보험계약의 보험금액의 합계가 보험가액을 초과하는 경우 이것을 협의 또는 상법상의 중복보험계약이라고 한다.
동일의 피보험 이익에 대해서 복수의 보험계약이 존재하는 경우, 이것을 광의의 중복보험계약이라고 한다. 또, 중복되는 각 보험계약의 보험금액의 합계가 보험가액을 초과하는 경우, 이것을 협의 또는 상법상의 중복보험계약이라고 한다. 그리고 중복보험계약에는 복수의 계약이 동시에 체결된 동시 중복보험계약과 시기를 달리해서 체결된 이시(異時)중복보험계약이 있다."
중상해,교통사고처리특례법 제4조 제1항 제2호(교특법 적용 예외 조항) 피해자가 신체의 상해로 인하여 생명에 대한 위험이 발생하거나 불구가 되거나 불치 또는 난치의질병이 생긴 경우
중증치매상태,약관에서 정한 일정정도 이상의 중증치매로 진단되고 90일(또는 180일)이상 CDR척도 3점이상의 ‘인지기능장애’가 발생한 상태를 말합니다. 1. 알쯔하이머병에서의 치매 / 2. 혈관성 치매.. 등
중증화상/부식,신체표면적 20%이상의 3도 화상 및 부식
중환자실,의료법 시행규칙 별표4에서 정한 중환자실
즉시 지급제도,원보험자와 재보험자간에 있어서 특약재보험에 의한 재보험료 및 재보험금의 결제는 보통 4분기로 나누어 행하여진다. 그러나 원보험자가 하나의 사고 또는 일련의 사고에 대하여 거액의 보험금 지급을 할 경우에 재보험자로부터 회수할 재보험금이 일정금액을 초과할 때 재보험자가 원보험자에 즉시 지급할 것을 협정한다. 이것을 즉시 지급제도라고 한다.
지급보험금,보험사고의 발생으로 인한 손해액 중 지급 완료한 금액
지정대리청구에 관한 특약,계약체결시 피보험자를 대리하여 보험금을 청구할 수 있는 자를 미리 지정하는 특약
지정대리청구인,"보험수익자의 대리인으로서 보험금(사망보험금 제외)을 청구하고 수령할 수 있으며,피보험자가 보험금을 청구할 수 없는 상태(병원입원 등)인 경우에도 보험금을 청구할 수 있도록 사전에 대리인을 지정하는 제도를 말합니다. 「지정대리청구서비스 특별약관」에 따라 계약자, 피보험자 및 보험수익자가 모두 동일한 경우에 한하여 적용되며 다음중 어느 하나에 해당하는 사람 중 1인을 지정대리청구인으로 지정할 수 있습니다.(지정대리청구인의 지정)1. 피보험자와 동거하거나 피보험자와 생계를 같이 하고 있는 피보험자의 가족관계등록부상 또는 주민등록상의 배우자 2. 피보험자와 동거하거나 피보험자와 생계를 같이 하고 있는 피보험자의 3촌 이내의 친족"
지정운전자,피보험자가 피보험자동차에 대하여 운전할 자를 지정하여 보험증권에 기재된 운전자
직접판매제도,"DM이라 부르며, 우편, 전화, PC 등을 이용한 보험판매제도를 말한다.
우편, 전화, PC등을 이용한 보험판매제도.→다이렉트 메일보험
우편, 전화, PC등을 이용한 보험판매제도"
질병보험,"각종 질병으로 인한 입원, 수술 등의 손해를 다양하게 보장하는 보험"
차대번호,자동차 출고후에 부여된 차량의 고유 식별번호
차량대체,피보험자동차를 양도하거나 페차한 후 동일차종의 새로 취득한 차량으로 계약을 승계시 적용하는 배서
책임준비금,보험약관에 정한 제지급조건의 이행을 위해 장래에 있을 사망 및 만기보험금 등의 지급을 위하여 순보험료를 예정이율로 증식 적립한 금액을 말한다.
책임준비금 전입,"책임준비금은 기중에는 이동시키지 않고 기말에 전계약을 대상으로 계산한다. 전기에서 이월된 책임준비금을 전액 환입시키고, 기말보유계약에 대한 책임준비금을 전입한다. 즉 (차)책임준비금 (대) 책임준비금 환입액의 분개로 환입하고 (차)책임준비금 전입액 (대)책임준비금으로 체환(替換)한다. 손익계산서에서는 차액을 책임준비금 전입(환입)액으로 표시한다."
책임준비금 전입액,"책임준비금은 기중에는 이동시키지 않고 기말에 전계약을 대상으로 계산한다. 전기에서 이월된 책임준비금을 전액 환입시키고, 기말보유계약에 대한 책임준비금을 전입한다. 즉 (차)책임준비금 (대)책임준비금 환입액의 분개로 환입하고 (차)책임준비금 전입액 (대)책임준비금으로 체환(替換)한다. 손익계산서에서는 차액을 책임준비금 전입액으로 표시한다."
책임준비금비례방법,기본보험계약의 예정책임준비금 이상의 초과적립금과 예정책임준비금과의 비율에 따라 변동보험금을 계산하는 방법이다.
척수손상 사지완전마비 환자,"척수손상으로 인해 양팔과 양다리가 모두 마비된 환자로서 다음 항목에 모두 해당하는 자 ① 생존에 필요한 일상생활의 동작(식사,배설,보행 등)을 자력으로 할 수 없다. ② 침대에서 몸을 일으켜 의자로 옮기거나 집안에서 걷기 등의 자력이동이 불가능하다. ③ 욕창을 방지하기 위해 수시로 체위를 변경시켜야 하는 등 다른 사람의 상시 개호를 필요로 한다."
청산기금,"피보험자(보험대상자)에게 발생한 사고와 관련하여 발생한 비용을 변제하기 위하여 현금을 지급하는 보험의기능, 사망의 경우 장례비 및 그와 관련된 비용을 지급"
체감 정기보험,보험금액이 기간의 경과와 더불어 감소하는 정기보험을 말한다.
체감정기보험,보험금액이 보험기간의 경과와 더불어 감소하는 정기보험을 말한다.
체신보험,체신보험은 보험의 보편화를 통하여 재해의 위험에 공동으로 대처하게 함으로써 국 민의 경제생활안 정과 공공복리의 증진에 기여하기 위하여 특별법에「체신예금ㆍ보험에 관한 법률」에 의거 공익차원 에서 체신부가 취급하는 국영보험이다.
체증 정기보험,정기보험 가운데 보험금액이 보험기간의 경과와 더불어 증가해 가는 보험을 말한다. 그러나 보험료는 정기보험과 마찬가지로 전보험기간을 통해서 일정하다.
체증정기보험,보험금액이 보험기간의 경과와 더불어 증가하는 정기보험을 말한다
초과보험,"보험금액이 보험가액을 초과할 경우를 말한다. 손해보험에서는 실손 보상을 원칙으로 하기 때문에 고의에 의한 사고유발의 폐단을 방지하기 위하여 초과부분에 대해서는 당사자의 선의·악의를 불문하고 이것을 무효로 하고 있다. 다만, 보험계약자가 선의이고 또한 중대한 과실이 없을 경우에는 무효부분의 비율에 따라 보험료의 일부 반환을 청구할 수 있다.
보험금액이 보험가액을 초과할 경우를 초과보험이라고 하는데 손해보험에서는 실손보상을 원칙으로 하기 때문에 고의에 의한 사고유발의 폐단을 방지하기 위하여, 초과부분에 대해서는 당사자의 선의˙악의를 불문하고 이것을 무효로 하고 있다. 다만, 보험계약자가 선의이고 또한 중대한 과실이 없을 경우에는 무효부분의 비율에 따라 보험료의 일부 반환을 청구할 수 있다."
총괄대리점,다음의 한가지 기준에 달한 자가 운영할 수 있다. ①8년이상 손해보험 업무경력자 ②손해보험 총괄대리점 연수과정 이수자(일반대리점 2년이상 운영자) ③손해보험 일반대리점을 2년이상 운영하고 최근 2년간 월평균 보험계약 실적이 승격기준에 해당되는 자. 취급종목은 손해보험 전종목이다.
총보험료,"지급보험금을 위한 순보험료와 인건비 대리점수수료 등의 지급을 위한 부가보험료의 합계를 말한다. 그로스보험료라고 하며, 넷드보험료에 대한 용어이다.
지급보험금을 위한 순보험료와 인건비 대리점수수료 등의 지급을 위한 부가보험료의 합계를 말한다."
최고,분할납입을 약정한 본납보험료를 납입기한내로 내지않아 일정기간 유예기간내에 미납입시 계약이 해지됨을 알리는 행위로 등기를 통해 알림
최초등록일,자동차관리법 제8조에 의하여 피보험자동차를 신규로 등록한 일자
추가보험대상자,"보험계약 체결시 보험대상자(피보험자)가 2인 이상일 경우 주된보험대상자(주피보험자)에 종속되어 있는 보험대상자(피보험자)를 말한다. 따라서 보험가입금액은 주된보험대상자(주피보험자)를 기준으로 백분율로 환산하고 추가보험대상자(종피보험자)는 주된보험대상자(주피보험자)의 보험가입금액에 일정부분을 비례하여 책정하고 있다. 추가보험대상자(종피보험자)가 계약을 위반하였을 경우 보험계약의 일부 즉, 추가보험대상자(종피보험자)와 관련된 계약 부분만 해지되고 나머지 계약은 계속 유지되는 것이 원칙이다."
추정복구기간,보험목적을 손해발생 직전의 상태로 복구하기 위하여 통상적으로 필요하다고 인정되는 기간을 말합니다.
추정전손,"보험의 목적이 완전한 멸실에는 이르지 않았으나, 수선 또는 회수 등의 비용이 보험가액을 넘을 때와 같은 경우에는 전손으로 취급되는 일이 있다. 이것을 추정전손, 경제적 전손 또는 해석전손이라고 한다."
출재재보험자,재재보험의 피보험자를 말한다. 다시 말하면 재재보험에서의 출재자를 말한다.
치석제거,날카로운 기구나 초음파 기구로 치석을 제거하는 치료
친권자,친권자란 혼생자의 경우 혼인중인 부모가 공동으로 되지만 이혼한 경우에는 부만이 친권자가 된다. 혼외자의 경우에는 인지를 한 부와 적모가 공동으로 친권자가 되고 인지를 한 부와 모가 없을 때에는 생모가 친권자가 된다.
친족피보험자,기명피보험자와 같이 살거나 살림을 같이 하는 친족으로서 피보험자동차를 사용하거나 관리하고 있는 자
침수,"흐르거나 고인 물, 역류하는 물, 범람하는 물, 해수 등에 피보험자동차가 빠지거나 잠기는 것을 말하며, 차량 도어나 선루프 등을 개방해 놓았을 때 빗물이 들어간 것은 침수로 보지 않습니다."
캐쉬 콜,캐쉬 로스 규정에 의해 재보험자에 대해 즉시불 재보험금의 지급청구를 하는 것을 말한다.→캐쉬로스
캐퍼시티,보험자의 인수능력. 1건당 최대한 어느정도의 보험금액까지 보험(또는 재보험)이 인수될 수 있는가를 나타내는 것으로 보험자에 따라 또는 보험종목에 따라서 다르다.
코˙인슈어런스,"보험금액이 이재시(罹災時)의 보험가액에 일정비율(약정비율)을 곱한 금액 이상일 경우에는 보험금액을 한도로 해서 실손해가 보상되며, 보험금액이 보험가액에 약정비율을 곱한 금액 이하일 경우에는 그 비율로 비례보상되는 것을 약정하는 조항. 비례보상의 보기를 들어보면, 약정비율 80%, 보험가액 1천만원, 보험금액 6백만원, 손해액 4백만원일 때의 지급보험금의 금액은 다음과 같이 된다. 4백만원×6백만원 1천만원×80% =3백만원 또한 X코˙인슈어런스〉라는 말을 공동보험을 가리켜서 쓸 때가 있다."
콜적부,전화를 통하여 피보험자의 직업 및 고지사항을 확인하는 절차
타협지급,"손해가 발생한 경우, 손해의 원인, 성질, 비율 또는 손해액 등에 관해서 피보험자와 보험자와의 사이에 의견이 다를 때, 쌍방이 서로 타협하여 지급액을 결정하여 해결함을 말한다."
태리프:보험요율표,"기준보험금액에 대한 보험료비율을 보험요율이라고 하지만, 이것을 보험종류마다 물건별, 지역별 등의 위험을 구분해서 표시하는 것을 태리프(tariff) 혹은 보험요율표라고 한다. 한편 협정요율표를 일컫는 경우가 많다 ."
테일러 메이드 증권,특정 고객의 요구에 맞도록 작성된 특수한 보험증권을 말한다.
투자비율,자동차보험 약관 지급기준 상 투자비율은 증명이 불가능한 경우 1/동업자수
특별계정변경,하나의 특별계정에서 운용되고 있는 적립금의 전부 또는 일부를 계약자의 요청에 의해 다른 특별계정으로 변경시키는 것을 말한다.
특별약관,"보통보험 약관의 규정을 변경, 보충, 배제하기 위해서 쓰여지는 모든 약관을 말한다.
기본적인 주계약의 보장내용을 보완하기 위하여 재해, 질병, 상해등의 추가적인 보장을 부가해서 판매하는 것을 특약이라고 하며, 일반적으로 주계약과는 별도의 보험료가 추가로 부가된다.
보통보험약관의 규정을 변경, 보충, 배제하기 위해서 쓰여지는 모든 약관을 말한다. 특약 또는 특약조항이라고도 한다."
특별요율,자동차의 구조나 운행실태가 동종차종과 상이하거나 규정요율만 적용하는 것이 부적절한 특별위험에 대하여 적용하는 요율
특별할증,"과거 1년동안 위장사고, 범죄행위 사고, 할증보험료 면탈행위가 있는 계약자의 경우 갱신보험료를 할증하는 제도"
특정분손,→ specified particular average specified casualties.
특혜지급,보험자가 법적 보상책임이 없는 손해를 지급함을 말한다. 이는 중요한 고객에게 신용과 후의의 징표로서 행하는 것이다. 따라서 재보험자는 이에 동의할 의무가 없다.
파열,물리적 폭발 의 개념으로 고압용기나 배관 등이 내용물의 압력을 견디지 못해 기체 또는 증기의 급격한 팽창을 수반하여 파열하는 현상.
파워스티어링,"자동차에서 동력에 따른 조향 장치로서, 유압, 공기압 등을 이용하여 핸들 조작을 쉽게 해줌."
파워윈도우,창문 유리를 스위치를 누르는 것만으로 같은 동작을 할 수 있도록 한 자동 윈도 시스템
펀드 자동재배분기능,투자성과에 따라 변동되는 펀드의 적립액 비율을 고객이 계약 체결 시 또는 펀드 변경시 설정한 비율로 자동재배분하는 기능을 옵션으로 부가하여 안정적인 투자전력을 유지할 수 있도록 하는 기능
평가제보험,보험계약의 당사자가 계약체결에 즈음해서 사전에 보험가액을 협정한 때는 그것이 객관적인 평가에 따른 보험가액과 합치하든 안하든 불문하고 당사자는 이것에 구속되고 이협정액을 보험가액으로해서 제문제를 처리하도록 되어있다. 이와같이 당사자간에 보험가액의 협정을 한 경우의 보험계약을 평가제보험이라고 한다. 이것과 달리 계약체결시에 사전에 보험가액의 협정이 이루어지지 않은 보험계약을 미평가보험이라고 한다.
평균수명,"출생시 즉 0세의 평균여명을 평균수명이라고 하며 특정 집단의 건강 여부를 가장 잘 반영한 숫자로서 각종 인구집단의 위생상태를 비교하는 지표의 하나로 생각되고 있다. 평균수명은 과거의 출생과 사망의 결과치인 인구의 연령구성에 의해 좌우되는 특정연도의 사망자연령평균과는 다르다.
출생시 즉 0세의 평균여명을 평균수명이라고 한다. 평균수명에는 전체 연령의 생존연령이 계산에 들어가 있고 그 집단의 건강 여부를 가장 잘 반영한 숫자로서 각종 인구집단의 위생상태를 비교하는 지표의 하나로 생각되고 있다."
평균여명,"어떤 연령에서 그 연령의 사람이 미래에 생존할 수 있는 기간의 평균을 의미한다.
평균여명이란 여명의 평균을 말한다. 어느 연령의 여명이란 그 연령으로부터 사망할 때까지의 기간을 말하며, 0세의 평균여명을 평균수명이라 부른다.
어느 연령의 사람이 앞으로 생존해 있을 수 있는 평균연수. 다시 말해서 이제부터 몇년을 살아 있을 수 있는가를 가리키는 숫자인 것인데, 각 연령별, 남녀별로 생명표에서 표시한다
어느 연령의 사람이 앞으로 생존해 있을 수 있는 평균연수. 다시 말해서 이제부터 몇년을 살아 있을 수 있는가를 가리키는 숫자인 것인데, 각 연령별, 남녀별로 생명표에서 표시한다."
평준순보험료식 책임준비금,"영업보험료가 평준식인 경우, 평준순보험료와 보험금 지급만을 고려해서 계산하는 책임준비금의 이상적인 형태로 경영의 기반이 확고해지면 이 방식으로 옮겨가도록 하려는 노력을 기울이고 있다. 평준순보험식 또는 순보험료식 책임준비금이라고 한다."
표준미달체보험,"피보험자(보험대상자)의 건강상태, 직업위험 등에 의하여 그 사망발생 위험도가 통상의 건강체보다 큰 사람을 표준미달체라고 하며, 이들을 대상으로 하는 보험을 표준미달체보험이라고 한다.
표준미달체를 대상으로 하는 보험. 신체의 의학적 결함이 있거나 위험한 직업에 종사하고 있는 사람들의 사망률은 일반적인 건강한 사람들의 사망률에 비해서 높기 때문에, 위험도에 상응한 특별조건이 붙은 보험이 제공된다. 특별조건에는 체감성 위험에 대한 보험금 삭감지급법, 체증성 위험에 대한 연증법(年增法), 할증보험료 징수법 또는 양자의 병용법이 있다."
표준약관,"금융감독원에서 개별보험약관에 공통적으로 기재되어야 할 사항을 미리 표준화하여 정해 놓은 것으로, 표준약관과 다르게 개별보험약관을 작성하고자 하는 경우에는 금융감독원에 미리 신고하여 심사를 받아야 한다."
표준요율,"표준이 되는 위험요인에 대해서 일정요율을 정해놓고, 실제의 계약에 있어서는 그때마다 보험의 목적, 위험의 실태 등에 따라 수정해서 적용하는 요율. 범위요율과는 달리 그 수정폭에 한도가 없다."
표준책임준비금제도,보험사들이 표준이율보다 높은 이율을 사용하여 보험료가 저렴한 상품을 판매하는 경우 준비금은 표준이율로 적립하여야 하기 때문에 보험사들의 과당경쟁을 제한할 수 있는 제도적 장치이다.
표준체계약,"신체상, 도덕상 및 기타 어느 면에서도 정확한 결점이 없기 때문에 특별 조건을 붙이지 않고 기준보험료로서 보험에 가입할 수 있는 계약을 말한다."
표준해약환급금,보험가격자유화에 따라 보험사가 예정사업비(신계약비)를 자유화할 경우 모집수당 등 신계약비의 과도한 지출로 인해 해약환급금이 축소되는 것을 방지하기 위하여 감독당국이 규정한 최소한의 해약환급금을 말한다. 표준해약환급금은 보험가입자를 보호하는 기능이 있다.
피보험이익,"우연한 사고에 있어 어떤 사람이 손해를 입을 위험이 있는 경우에 그 어떤 사람과 어떤 물건 사이에 개재하는 이해관계를 피보험이익이라고 한다. 피보험이익은 손해보험계약의 중요한 요소인 것이며, 상 법에서는 보험계약의 목적이라고 되어 있다."
피보험자,"가. 상해보장 : 보험사고의 대상이 되는 사람을 말합니다. 나. 재물손해보장 : 보험사고로 인하여 손해를 입은 사람 (법인인 경우에는 그 이사 또는 법인의 업무를 집행하는 그 밖의 기관)을 말합니다. 다. 배상책임보장 : 보험사고로 인하여 타인에 대한 법률상 손해배상책임을 부담하는 손해를 입은 사람 (법인인 경우에는 그 이사 또는 법인의 업무를 집행하는 그 밖의 기관)을 말합니다. 라. 비용손해 보장 : 보험사고가 발생함으로써 손해를 입을 수 있는 사람. 즉, 피보험이익을 지니고 있는 사람을 말합니다."
피보험자 개별적용,"자동차보험에서 동일한 자동차사고로 인하여 피해자에 대하여 배상책임을 지는 피보험자가 복수로 존재하는 경우에, 손해배상책임의 발생요건이나 면책약관의 적용 여부 등을 피보험자마다 개별적으로 적용하여 그 보상책임 유무를 결정하는 것"
피보험자동차,"자동차보험계약에서, 그 계약의 대상이 되어 보험증권에 기재된 특정의 자동차를 말함. 이 피보험자동차와 관련해서 생긴 손해가 자동차보험에 의해서 보상됨
자동차보험계약에서, 그 계약의 대상이 되어 보험증권에 기재된 특정의 자동차를 말한다. 이 피보험 자동차와 관련해서 생긴 손해가 자동차보험에 의해서 보상된다. 운전자보험에서는 계약의 대상으로 개별의 자동차는 특정되지 않으며, 따라서 피보험 자동차라는 개념은 존재하지 않는다."
피보험자동차의 교체,보험계약자 등이 보험기간 중 기존의 피보험자동차를 폐차 또는 양도 후 그 자동차와 동일한 차종의 다른자동차로 교체한 경우
피보험자의 배우자,법률상의 배우자 또는 사실혼 관계에 있는 배우자
피보험자의 자녀,"법률상의 혼인관계에서 출생한 자녀, 사실혼 관계에서 출생한 자녀, 양자 또는 양녀"
피재보험자,재보험계약의 피보험자 즉 원보험자를 말한다.
피재재보험자,재재보험의 피보험자를 말한다. 다시 말하면 재재보험에서 출재자를 말한다.
하이브리드 자동차,화석연료와 전기 2가지를 동력원으로 사용하는 자동차
할증보험료,어느 일정기준으로 산정된 기본 보험료의 경우보다 부담해야할 위험의 정도가 큰 경우나 위험이 증가 되었을 경우에 그 위험의 정도에 따라 기본 보험료에 추가해서 추정되는 보험료를 말한다. 보험료의 추정이 보험기간의 일부에 대해서 적용될 때에는 추가보험료라고도 한다.
합의,"손해가 발생한 경우, 손해의 원인, 성질, 비율 또는 손해액 등에 관해서 피보험자와 보험자와의 사이에 의견이 다를 때, 쌍방이 서로 타협하여 지급액을 결정하여 해결함을 말한다."
합의교섭,"합의는 손해배상의 해결방법의 하나로, 피해자˙가해자가 서로 타협하여 타당한 배상액의 수수를 약속함으로써 원만한 해결을 꾀하는 것이다. 법적으로는 당사자쌍방의 합의가 있으면 되고, 간편하고 비용도 들지 않기 때문에 교통사고를 비롯한 배상문제의 대부분은 합의에 의해서 해결되고 있다. 합의도 일종의 계약인 이상 일단 성립되면 그것을 깨는 일은 원칙적으로 불가능하다."
해약불능의 취업불능보험,"계약효력발생일 혹은 갱신일로부터 1년이 경과한 후에는 해약하거나 또는 다른 방법으로 계약을 소멸시키는 선택권을 보험자에게 부여하지 않는 계약에 의하여 질병, 질환 또는 상해에 의한 취업불능시 그 손실을 보상하는 보험이다."
해지권,"보험자가 보험계약을 해지할 수 있는 권리로서 ①보험계약자의 보험료불지급(상법 제650조) ②보험계약자나 피보험자의 고지의무위반(상법 제651조) ③보험계약자나 피보험자의 위반변경증가 통지의무해태(상법 제652조) ④보험계약자, 피보험자 또는 보험수익자의 고의 또는 중과실로 인한 위험증가(상법 제653조)등을 그 사유로 한다. 이에 대하여 보험계약자는 해약자유의 원칙에 의하여 보호된다.
보험자가 보험계약을 해지할 수 있는 권리로서 ① 보험계약자의 보험료불지급(상법 제650조) ② 보험계약자나 피보험자의 고지의무위반(상법 제651조) ③ 보험계약자나 피보험자의 위반변경증가 통지의무해태(상법 제652조) ④ 보험계약자, 피보험자 또는 보험수익자의 고의 또는 중과실로 인한 위험증가(상법 제653조)등을 그 사유로 한다. 이에 대하여 보험계약자는 해약자유의 원칙에 의하여 보호된다."
해지환급금,"보험계약의 효력상실, 해지 등으로 보험금을 지급하지 않게 되었을 경우, 그 계약의 보험료 및 책임준비금산출방법서에 정하는 바에 따라 보험계약자에게 반환하는 금액을 말한다."
행정상책임,"교통사고를 야기한 차의 운전자에게 처해지는 도로교통법에 의한 벌점 및 범침금의 부과, 운전면허의 정지 및 취소 등의 행정처분"
허락피보험자,"자동차보험에 있어서는 자동차의 사용실태에 맞추어서 기명피보험자의 허락을 받고 피보험 자동차를 사용 또는 관리하고 있는 사람도 피보험자로 취급하고 있다. 이 피보험자를 허락피보험자라고 말한다. 이 허락은 기명피보험자로부터 직접 받을 필요가 있으나, 피보험 자동차를 제3자가 사용하는 것을 알면서도 기명피보험자가 명시적으로 반대하지 않은 경우도 직접 허락이 있었던 것으로 볼 수 있다. 그러나 전차(轉借)한 차주(借主)는 피보험자로 되지 않는다.
자동차보험에 있어서는 자동차의 사용실태에 맞추어서 기명피보험자의 허락을 받고 피보험 자동차를 사용 또는 관리하고 있는 사람도 피보험자로 취급하고 있다. 이 피보험자를 허락피보험자라고 말한다. 이 허락은 기명피보험자로부터 직접 받을 필요가 있으나, 피보험 자동차를 제3자가 사용하는 것을 알면서도 기명피보험자가 명시적으로 반대하지 않은 경우도 직접 허락이 있었던 것으로 볼 수 있다."
현재연령,"가입연령 혹은 계약연령에 대한 용어로 x세에 가입하고 t년 경과해서 현재에 이른 경우의 연령. 현재연령 혹은 도달연령이라고 하고, x+t세로 표시한다."
협정보험가액,보험계약을 체결할 때 또는 손해가 발생하기 전에 계약당사자가 임의로 협의하여 결정한 보험가액을 협정보험가액이라 부른다. 실제로는 CIF가액에 희망이익(Anticipated or Imaginary Profit)등을 부가하여 CIF가격의 110%로 협정하는 경우가 많다. Policy Valuation이라고도 한다.
형사상책임,차의 운전자가 교통사고로 인하여 『형법』 제268조의 죄(업무상과실·중과실 치사상죄)를 범한 경우의 차의 운전자에게 처해지는 형사상 처벌
형사합의서,합의금액이 명시되어 경찰서 혹은 검찰청에 제출된 자동차교통사고 형사합의서
형제.자매,"기명피보험자와 부모(양부모, 계부모 포함)가 동일(부모 중 1인이 동일한 경우를 포함)한 기명피보험자의 형제·자매"
호의동승자,"호의 혹은 무상으로 타인을 자동차에 동승시킨 경우, 그 타인을 호의동승자라고 말한다. 교통사고로 호의동승자가 사상한 경우에 호의 동승자는 자배법 제3조에서 말하는 「타인」에 해당하므로 원칙적으로 운행공용자는 호의동승자에 대한 배상책임을 부담한다는 견해가 통설이다. 그러나 호의동승자의 손해에 대해서 전면적으로 운행공용자에 책임을 지우는가 아닌가에 대해서는 그 개개의 사정을 감안해서 호의동승자에 대한 배상액이 감액되는 경우도 있다.
호의 혹은 무상으로 타인을 자동차에 동승시킨 경우, 그 타인을 호의동승자라고 말한다. 교통사고로 호의동승자가 사상한 경우에 호의 동승자는 자배법 제3조에서 말하는 「타인」에 해당하므로 원칙적으로 운행공용자는 호의동승자에 대한 배상책임을 부담한다는 견해가 통설이다. 그러나 호의동승자의 손해에 대해서 전면적으로 운행공용자에 책임을 지우는가 아닌가에 대해서는 그 개개의 사정을 감안해서 호의동승자에 대한 배상액이 감경될 수 있다."
환경상의 위험,"피보험자의 주거환경, 직업환경, 경제환경, 가족환경 등 보험사고 발생에 영향을 미치는 요인을 환경상의 위험이라고 한다. 현재 주거환경에 대한 선택을 그리 많이 행하지 않고 있으나 경제환경, 가족환경에 대해서는 도덕적 위험의 관점에서 선택이 행하여지고 있다. 또한 직업환경에 대하여는 제한직종을 정하거나 직업에 따라 보험가입금액을 제한하고 있다."
환경적 위험,"피보험자의 주거환경, 직업환경, 경제환경, 가족환경 등 보험금지급사유 발생에 영향을 미치는 요인을 환경적 위험이라고 한다."
활동불능상태,"보조기구를 사용하여도 이동, 식사, 목욕, 옷입기 등 생명유지에 필요한 일상생활 기본동작들을 스스로 할 수 없는 상태가 90일(또는 180일)이상 계속되어 호전될 것을 기대할 수 없는 상태를 말합니다."
후유장해,"일반적으로 후유증이라고 불려지고 있으며, 이것은 병세초기의 급성증상이 치료된 후 오래도록 잔존되는 신체상의 기능장해라고 지칭되고 있다."
후유장해보험금,"피보험자 혹은 피해자가 사고에 의해 상해를 입고, 그 직접의 결과로서 신체의 일부를 잃던가 신체의 기능에 영구히 장해가 남은 경우에 지급되는 보험금을 말한다. 상해보험에서는 그 장해의 정도에 의해서 약관에 정해진 후유장해등급 구분에 따라 보험금이 산출된다.
피보험자 혹은 피해자가 사고에 의해 상해를 입고, 그 직접의 결과로서 신체의 일부를 잃던가 신체의 기능에 영구히 장해가 남은 경우에 지급되는 보험금을 말한다. 상해보험에서는 그 장해의 정도에 의해서 약관에 정해진 후유장해등급 구분에 따라 보험금이 산출된다. 자배책보험에서는 후유장해등급에 의한 정부령에 따라 정해진 보험금액을 한도로해서 보험금이 지급된다."
