가게명,리뷰번호,리뷰내용,작성날짜,평점,이미지수
아토커피 신림점,1,커피마시기 좋음. 접객은 그냥 그저그러함. 화장실 상태 좋음. 근방에서는 제일 쾌적하다고 보임,2025년 5월 15일,평점 정보 없음,0
아토커피 신림점,2,"24시라 공부하러 갔어요.
늦은 시간까지 신림에 젊은이들이 커피를 마시러 왔어요. 다른 리뷰보면 노래소리 크다고 하는데 엄청 크진 않던디…?

와플은 사과잼 기본으로 안들어있어서 추가해서 먹었습니다. 역시 악마의 디저트
더보기",2025년 4월 17일,평점 정보 없음,0
아토커피 신림점,3,"생크림 듬뿍!
와플도 바삭바삭!
그리고 늦게까지 하는 카페라 아주 좋아요! 👍🏻",2025년 5월 8일,평점 정보 없음,0
아토커피 신림점,4,"음식과 음료는 비교적 빠르게 제공되었으나, 픽업 과정에서 불편함이 있었습니다. 매장 내 직원은 세 명이 있었지만 모두 본인 업무에 집중한 상태였고, 픽업대 근처에는 고객을 응대하거나 주문 확인을 도와주는 직원이 없었습니다. 그로 인해 내가 주문한 메뉴인지 알 수 없어 한참을 머뭇거리다 직접 직원을 불러 확인해야 했습니다. 주문번호나 이름 등 식별 가능한 표시가 없다는 점도 불편했고, 음악 소리가 너무 커 대화조차 어려웠습니다. 개인 카페라면 어느 정도 이해할 수 있겠지만, 체인점이라는 점에서 기본적인 고객 응대 시스템과 주문 확인 절차가 더 체계적으로 마련되어야 한다고 생각합니다. 직원 교육과 내부 운영 방식에 조금만 더 신경을 쓴다면 훨씬 만족스러운 방문이 될 수 있을 것 같습니다.
더보기",2025년 6월 7일,평점 정보 없음,0
아토커피 신림점,5,"24시카페라서 주말에 친구랑 늦게까지 수다떨기 좋은 카페였어요^^
음료도 다양하고 맛있는 편입니당 ㅎㅎ",2025년 3월 22일,평점 정보 없음,0
아토커피 신림점,6,더벤티 신림역점은 24시간하지 않아 여길 이용하길,2025년 4월 1일,평점 정보 없음,0
아토커피 신림점,7,"24시 카페 찾다가 여기 발견했은데요
디카페인 커피는 카페인이 99퍼 제거한다고 해서 좋아요
커피도 맛있고 앉아서 잔잔하게 수다떨기 좋아요",2025년 2월 20일,평점 정보 없음,0
아토커피 신림점,8,"생토마토주스와 말차라떼 맛있네요~~^^
토마토주스가 달달하고 말차라떼는 쌉싸롬하고~
수제떡갈비햄버거는 생각보다 커서 놀랬는데요~~안에 수제떡갈비가 정말 큼직하게 들어가 있어요~~너무 맛있네용~^^
더보기",2024년 11월 16일,평점 정보 없음,0
아토커피 신림점,9,요거트스무디 디카페인커피 팥빙수음료 이렇게 시켜서 먹었는데 맛있어요 다음에 왔을때는 와플 먹을까 생각중이에요,2025년 2월 23일,평점 정보 없음,0
아토커피 신림점,10,"커피, 음료 종류가 다양해서 좋았어요.
커피 못먹는 사람들도 자주 찾을것 같아요
디조트를 매장에서 직접 만들어서 정말 맛있어요.
와플 전문점 저리가라 입니다!
게다가 24시니까 저처럼 유아퇴근하고 오기도 너무 좋을것 같아요~
더보기",2024년 11월 9일,평점 정보 없음,4
